x1,x2,x3,x4,x5,x6,x7,x8,x9,x10,y
0.40716607449318953,E,W,2.0,M,C,1.1276279478219888,-0.6576889873747789,-0.41532281821923983,76.12475829722712,20.710704123478465
44.41716607449319,M,W,1.0,H,C,0.9576279478219889,-0.6676889873747789,-0.47532281821923983,85.83475829722711,94.20240412347844
28.04716607449319,M,W,4.0,L,R,0.7176279478219891,-1.1076889873747788,-0.38532281821923986,13.814758297227108,43.04300412347846
-0.46283392550681013,,W,2.0,L,C,1.7176279478219891,-1.5476889873747788,-0.42532281821923984,29.34475829722711,7.9560041234784595
42.95716607449319,M,W,3.0,M,C,0.7476279478219889,-1.847688987374779,-0.13532281821923986,,62.397804123478465
30.83716607449319,M,W,2.0,L,R,,-0.6676889873747789,-0.48532281821923984,36.3147582972271,62.57230412347846
39.05716607449319,E,W,4.0,M,R,2.587627947821989,-0.777688987374779,-0.4053228182192399,67.35475829722711,84.10180412347846
35.54716607449319,A,W,1.0,L,C,2.537627947821989,-1.787688987374779,-0.21532281821923982,63.76475829722711,51.21650412347847
15.437166074493188,A,W,1.0,M,R,2.2976279478219888,-1.0476889873747788,-0.4053228182192399,62.3047582972271,39.07080412347846
24.457166074493188,A,W,4.0,H,C,0.48762794782198915,-1.8176889873747788,-0.48532281821923984,24.054758297227107,18.46400412347846
24.71716607449319,E,W,1.0,M,R,0.3176279478219888,-1.3876889873747789,-0.15532281821923982,65.41475829722711,57.90940412347847
106.74324812137327,A,W,4.0,H,C,2.707627947821989,-0.7276889873747789,-0.38532281821923986,51.96475829722711,323.6675695869831
-0.7728339255068102,M,W,3.0,L,C,,-1.3676889873747788,-0.39532281821923987,92.4647582972271,21.888504123478462
15.12716607449319,N,W,1.0,,C,1.477627947821989,-0.8076889873747788,-0.15532281821923982,27.00475829722711,41.963104123478466
4.377166074493189,N,W,,L,C,0.347627947821989,-0.6876889873747789,-0.4453228182192398,17.59475829722711,14.409104123478459
35.25716607449319,,W,4.0,H,R,1.6676279478219889,-1.787688987374779,-0.3453228182192398,50.3147582972271,37.99390412347846
3.11716607449319,N,W,3.0,M,C,1.0076279478219887,-0.8476889873747788,-0.36532281821923984,113.48475829722712,37.46420412347847
39.927166074493186,A,W,,H,R,2.3076279478219885,-1.3076889873747788,-0.25532281821923986,14.704758297227109,54.00110412347847
14.87716607449319,A,W,4.0,L,C,,-0.4576889873747789,-0.41532281821923983,64.58475829722711,47.47990412347846
10.60716607449319,A,W,3.0,L,R,1.457627947821989,-1.3476889873747788,-0.39532281821923987,94.1547582972271,35.21890412347846
45.94716607449319,E,W,2.0,H,C,0.517627947821989,-0.7176889873747789,-0.47532281821923983,99.84475829722712,95.96030412347847
,M,W,1.0,L,C,1.387627947821989,,-0.47532281821923983,87.55475829722711,30.881504123478464
10.977166074493189,N,W,4.0,M,C,3.0176279478219885,-1.1676889873747789,-0.23532281821923984,96.83475829722711,56.05740412347846
7.18716607449319,M,W,2.0,M,R,0.6576279478219891,-1.257688987374779,-0.23532281821923984,14.084758297227108,16.609504123478462
12.487166074493189,A,W,1.0,L,C,1.7376279478219891,-1.677688987374779,-0.2753228182192398,4.144758297227106,13.366704123478458
33.99716607449319,E,W,1.0,H,C,0.9476279478219891,-1.207688987374779,-0.4653228182192398,35.35475829722711,49.35310412347846
28.41716607449319,N,W,,M,C,2.3476279478219886,-0.517688987374779,-0.3353228182192398,55.53475829722711,76.08690412347846
22.777166074493188,E,W,2.0,M,S,0.7376279478219891,-1.577688987374779,-0.39532281821923987,108.89475829722711,44.86410412347846
18.777166074493188,E,W,3.0,H,C,0.4276279478219891,-1.3676889873747788,,22.304758297227107,28.14400412347846
39.75716607449319,M,W,1.0,H,C,2.3876279478219886,,-0.4053228182192399,15.444758297227107,42.60250412347847
,E,,,L,C,2.867627947821989,-0.5576889873747788,-0.18532281821923985,5.274758297227107,42.34740412347847
15.81716607449319,E,W,3.0,M,C,3.1476279478219893,-0.6276889873747789,-0.4453228182192398,77.49475829722711,48.30470412347846
104.91399803220483,M,W,1.0,H,C,0.29762794782198876,-1.1176889873747788,-0.43532281821923985,77.6847582972271,319.1759002155231
44.65716607449319,M,W,2.0,M,,0.3576279478219888,-1.6476889873747789,-0.41532281821923983,88.27475829722711,53.19600412347846
44.62716607449319,M,W,,L,C,2.6376279478219886,-1.9076889873747789,-0.31532281821923985,93.63475829722711,53.72990412347846
6.487166074493189,A,W,1.0,M,C,0.6476279478219888,-0.5676889873747788,-0.4653228182192398,5.154758297227107,17.22640412347846
22.75716607449319,M,W,3.0,H,C,1.307627947821989,-1.577688987374779,-0.4553228182192398,,35.515904123478464
17.207166074493188,A,W,1.0,L,C,1.0476279478219888,-1.3676889873747788,-0.19532281821923986,,45.95810412347846
42.24716607449319,A,W,4.0,M,C,,-0.8976889873747789,-0.41532281821923983,33.42475829722711,76.15030412347845
3.81716607449319,N,W,4.0,L,C,1.5476279478219888,-0.537688987374779,-0.16532281821923983,,41.050604123478465
27.457166074493188,E,W,4.0,L,,1.727627947821989,-1.9076889873747789,-0.4653228182192398,114.89475829722711,32.91970412347846
27.847166074493188,A,W,3.0,,C,2.997627947821989,-1.227688987374779,-0.49532281821923985,33.28475829722711,41.98070412347846
0.3471660744931899,M,W,3.0,,C,1.6076279478219888,,-0.24532281821923985,32.2347582972271,16.502604123478463
43.32716607449319,M,,1.0,M,C,1.177627947821989,-0.9576889873747789,-0.18532281821923985,14.414758297227106,73.85380412347847
23.42716607449319,E,W,2.0,M,C,1.2776279478219887,-0.8076889873747788,-0.22532281821923983,50.794758297227105,62.379804123478465
1.8971660744931893,M,W,2.0,H,C,,-1.457688987374779,-0.43532281821923985,103.99475829722711,
5.137166074493189,A,W,3.0,H,C,,-1.437688987374779,-0.18532281821923985,48.364758297227105,28.16010412347846
1.7571660744931896,A,W,,M,C,3.197627947821989,-1.5076889873747787,-0.22532281821923983,22.95475829722711,15.31250412347846
,N,W,1.0,M,C,1.6276279478219888,-0.9176889873747789,-0.30532281821923984,56.394758297227106,42.26600412347846
20.937166074493188,M,W,1.0,M,R,1.057627947821989,-0.507688987374779,-0.37532281821923985,60.10475829722711,59.62180412347846
14.33716607449319,A,W,2.0,L,R,2.7276279478219894,-0.8076889873747788,-0.5153228182192399,104.86475829722711,39.316004123478464
32.16716607449319,M,W,4.0,M,R,1.1476279478219888,-1.3176889873747788,-0.4653228182192398,8.074758297227106,
44.54716607449319,A,W,3.0,H,R,1.6076279478219888,,-0.31532281821923985,28.554758297227107,92.41010412347846
30.86716607449319,A,W,4.0,H,R,3.2176279478219887,-1.497688987374779,-0.19532281821923986,46.5547582972271,52.81810412347846
34.91716607449319,A,,1.0,M,C,3.1076279478219893,-1.437688987374779,-0.41532281821923983,11.724758297227108,41.07210412347846
11.84716607449319,M,W,,L,C,2.447627947821989,-0.46768898737477893,-0.22532281821923983,11.404758297227108,34.54870412347846
5.4971660744931885,N,W,3.0,L,R,0.517627947821989,-0.7976889873747788,,78.86475829722711,49.43810412347846
12.557166074493189,E,W,3.0,M,C,1.407627947821989,-1.457688987374779,-0.20532281821923987,71.87475829722712,44.67660412347846
41.95716607449319,A,W,3.0,M,S,0.41762794782198887,-1.3276889873747788,-0.42532281821923984,70.12475829722712,61.172204123478465
5.76716607449319,A,W,2.0,M,C,0.7976279478219888,-0.7076889873747789,-0.13532281821923986,87.41475829722711,56.652704123478465
38.037166074493186,A,W,1.0,M,C,2.9776279478219894,-1.257688987374779,-0.3353228182192398,17.18475829722711,53.983504123478454
16.49716607449319,M,W,3.0,M,C,2.9376279478219893,-1.727688987374779,-0.5053228182192399,79.16475829722711,23.42400412347846
19.07716607449319,M,W,3.0,M,C,2.2976279478219888,-1.537688987374779,-0.5153228182192399,43.074758297227106,24.31490412347846
32.27716607449319,A,W,1.0,M,R,1.0076279478219887,,-0.4053228182192399,94.16475829722711,88.28070412347846
,A,W,3.0,M,R,0.27762794782198874,-1.5076889873747787,-0.42532281821923984,10.504758297227106,27.86670412347846
40.357166074493186,M,W,2.0,L,R,1.7576279478219887,-1.6376889873747789,-0.26532281821923986,94.09475829722712,67.28280412347846
32.26716607449319,M,W,2.0,M,C,2.417627947821989,-1.3676889873747788,-0.5053228182192399,111.5747582972271,50.00080412347847
3.9171660744931898,M,W,3.0,M,C,0.8576279478219888,-0.767688987374779,-0.49532281821923985,70.37475829722712,18.93820412347846
41.99716607449319,A,,4.0,L,C,2.5176279478219885,,-0.2753228182192398,88.89475829722711,
32.26716607449319,A,W,2.0,M,C,2.127627947821989,-1.6076889873747788,-0.3353228182192398,54.0247582972271,44.45650412347847
20.457166074493188,M,W,1.0,L,S,0.28762794782198897,-0.49768898737477896,,32.084758297227104,55.52350412347846
41.86716607449319,,W,2.0,M,C,1.8976279478219888,-1.1676889873747789,-0.12532281821923985,4.804758297227107,59.317704123478464
8.317166074493189,,W,3.0,L,C,2.2976279478219888,-1.8176889873747788,-0.31532281821923985,82.08475829722711,32.41390412347846
12.557166074493189,E,W,2.0,H,C,0.9776279478219889,-1.4876889873747787,-0.4553228182192398,73.20475829722712,25.54900412347846
39.38716607449319,M,W,3.0,H,R,0.5476279478219888,-0.7276889873747789,-0.35532281821923983,38.224758297227105,80.60570412347846
32.82716607449319,A,W,2.0,L,R,1.637627947821989,-0.8976889873747789,-0.14532281821923987,,72.01560412347847
,N,W,2.0,H,C,1.5876279478219888,-0.9276889873747789,-0.3453228182192398,113.81475829722712,85.52630412347847
2.4771660744931894,,W,1.0,L,C,2.9676279478219887,-0.997688987374779,-0.49532281821923985,85.44475829722711,19.25010412347846
28.66716607449319,M,W,2.0,H,C,1.3376279478219888,-0.507688987374779,-0.35532281821923983,91.45475829722712,84.05750412347847
15.06716607449319,A,,2.0,L,R,2.3876279478219886,-0.987688987374779,,13.214758297227107,29.72400412347846
4.44716607449319,A,W,4.0,M,C,0.867627947821989,-0.987688987374779,-0.22532281821923983,115.77475829722711,55.43660412347846
105.27415988588733,M,W,1.0,L,C,0.49762794782198894,,-0.25532281821923986,95.24475829722711,235.6213114498915
6.807166074493189,M,W,2.0,M,,1.617627947821989,-0.507688987374779,-0.48532281821923984,71.02475829722711,27.790904123478462
-0.38283392550681006,A,W,,L,C,1.0476279478219888,-0.6776889873747789,-0.29532281821923984,106.10475829722711,38.14890412347846
32.02716607449319,A,W,3.0,M,C,3.1476279478219893,-1.5676889873747788,-0.36532281821923984,36.3747582972271,40.587404123478464
45.41716607449319,A,W,3.0,M,R,1.347627947821989,-0.8476889873747788,-0.38532281821923986,107.8247582972271,100.60540412347846
26.32716607449319,A,W,3.0,H,R,2.0076279478219887,-0.9676889873747789,-0.43532281821923985,74.61475829722711,56.32530412347845
2.2171660744931896,A,W,4.0,L,,2.7276279478219894,-1.8876889873747789,-0.4053228182192399,69.4347582972271,
17.38716607449319,M,W,3.0,L,R,0.537627947821989,-1.787688987374779,-0.3453228182192398,27.784758297227107,19.522704123478462
27.55716607449319,M,W,2.0,M,C,2.7676279478219885,-1.1176889873747788,-0.24532281821923985,54.6647582972271,61.46350412347846
4.83716607449319,A,W,3.0,L,C,3.157627947821989,,-0.2853228182192398,114.70475829722712,50.17590412347846
,E,W,,,C,1.2976279478219888,-1.677688987374779,-0.26532281821923986,103.7947582972271,71.03420412347845
24.39716607449319,A,W,3.0,H,C,0.767627947821989,-1.6376889873747789,-0.24532281821923985,63.504758297227106,44.44590412347846
45.27716607449319,N,W,2.0,L,C,1.6976279478219891,-1.467688987374779,-0.2753228182192398,67.11475829722711,69.11260412347846
20.57716607449319,A,W,1.0,,C,0.26762794782198895,-0.47768898737477894,-0.5153228182192399,102.10475829722711,54.36490412347846
9.08716607449319,E,W,2.0,M,S,3.0576279478219885,-0.9276889873747789,-0.3453228182192398,68.78475829722711,38.16930412347847
11.46716607449319,E,W,1.0,L,R,1.9376279478219889,-0.5676889873747788,,,34.48490412347846
,A,W,,M,R,2.087627947821989,-0.8676889873747788,-0.20532281821923987,17.284758297227107,36.35640412347846
40.56716607449319,E,W,3.0,,C,1.2176279478219891,-0.5476889873747788,-0.38532281821923986,,97.57150412347846
9.987166074493189,E,W,1.0,L,C,0.6376279478219891,-1.287688987374779,-0.21532281821923982,54.7047582972271,36.01970412347846
27.82716607449319,M,W,4.0,L,C,0.6276279478219888,-1.3276889873747788,-0.4053228182192399,39.4547582972271,40.980604123478464
2.28716607449319,N,W,2.0,M,C,1.477627947821989,-0.6976889873747789,-0.36532281821923984,56.254758297227106,23.09760412347846
20.39716607449319,A,W,2.0,L,C,3.127627947821989,-0.517688987374779,-0.23532281821923984,76.39475829722711,75.30070412347845
2.5971660744931895,M,W,1.0,M,C,0.767627947821989,-1.597688987374779,-0.4453228182192398,73.83475829722711,16.33280412347846
33.40716607449319,,W,2.0,L,R,2.777627947821989,-0.777688987374779,,5.814758297227107,62.48890412347846
27.39716607449319,A,W,4.0,M,C,1.907627947821989,-1.747688987374779,-0.20532281821923987,39.7347582972271,37.46730412347846
0.37716607449318973,N,W,3.0,M,C,2.6376279478219886,-0.5576889873747788,-0.4553228182192398,,25.04650412347846
5.33716607449319,M,W,3.0,M,C,1.2176279478219891,-1.0576889873747788,-0.2753228182192398,93.26475829722712,42.94670412347847
6.537166074493189,,W,3.0,L,C,2.567627947821989,-1.8876889873747789,-0.13532281821923986,37.294758297227105,24.57800412347846
19.56716607449319,M,W,3.0,H,,1.247627947821989,-1.1676889873747789,-0.38532281821923986,61.1647582972271,42.00830412347846
42.06716607449319,E,W,1.0,L,C,0.8576279478219888,-1.3776889873747789,-0.30532281821923984,62.1047582972271,65.64370412347846
37.95716607449319,A,W,1.0,M,C,2.117627947821989,-0.9176889873747789,-0.37532281821923985,43.1347582972271,72.37690412347845
46.14716607449319,A,W,4.0,L,C,3.1476279478219893,-0.767688987374779,-0.4553228182192398,57.114758297227105,91.67770412347846
37.80716607449319,M,W,3.0,,C,1.2576279478219887,-1.3076889873747788,-0.49532281821923985,82.08475829722711,54.69470412347846
16.56716607449319,N,W,,L,,2.287627947821989,-0.5976889873747788,-0.14532281821923987,31.344758297227106,51.50290412347846
42.537166074493186,A,W,2.0,L,C,2.097627947821989,-1.9076889873747789,-0.49532281821923985,68.03475829722711,31.853004123478463
41.83716607449319,N,W,1.0,L,R,0.7476279478219889,-0.47768898737477894,-0.14532281821923987,44.0247582972271,
30.40716607449319,,W,1.0,M,R,2.7976279478219888,-0.5576889873747788,-0.19532281821923986,6.414758297227107,66.39930412347846
8.00716607449319,E,W,2.0,M,C,,-0.49768898737477896,-0.2753228182192398,,38.390504123478465
30.077166074493192,M,W,1.0,M,C,1.6076279478219888,-0.8576889873747788,-0.42532281821923984,79.45475829722712,
3.8071660744931894,N,W,2.0,M,C,1.5676279478219888,-1.0676889873747788,-0.23532281821923984,10.164758297227106,13.37830412347846
0.6471660744931897,E,W,4.0,M,R,2.127627947821989,-0.8876889873747789,-0.38532281821923986,85.72475829722711,25.87270412347846
142.87422602353868,M,W,3.0,H,R,1.0676279478219888,-1.5876889873747788,-0.12532281821923985,58.3747582972271,321.54885393185515
-0.07283392550681045,M,W,3.0,L,C,0.6976279478219891,,-0.16532281821923983,84.7147582972271,40.65540412347846
33.51716607449319,A,W,2.0,L,,1.3376279478219888,-1.7776889873747788,-0.3453228182192398,65.3247582972271,40.98430412347846
42.76716607449319,A,W,4.0,,R,1.807627947821989,-1.1176889873747788,-0.21532281821923982,37.71475829722711,75.19390412347846
6.6171660744931895,E,W,1.0,M,C,0.5276279478219887,-1.7376889873747787,-0.48532281821923984,30.904758297227108,9.44970412347846
42.287166074493186,A,W,3.0,H,C,0.28762794782198897,,-0.20532281821923987,83.1847582972271,76.28290412347846
27.31716607449319,M,W,2.0,M,,0.617627947821989,-1.6576889873747789,-0.21532281821923982,111.41475829722711,67.09630412347846
14.667166074493188,M,W,2.0,L,R,0.807627947821989,-1.1276889873747789,-0.12532281821923985,50.144758297227106,47.14590412347846
4.717166074493189,A,W,2.0,H,,2.197627947821989,-1.747688987374779,-0.36532281821923984,57.864758297227105,20.43020412347846
1.9671660744931896,E,,3.0,M,R,3.207627947821989,-1.8376889873747788,-0.49532281821923985,49.3047582972271,10.36350412347846
1.3871660744931895,A,W,4.0,,C,0.8176279478219888,-1.717688987374779,-0.47532281821923983,64.27475829722711,11.26850412347846
10.497166074493189,A,W,2.0,L,R,1.097627947821989,-0.49768898737477896,-0.42532281821923984,112.4047582972271,46.69110412347846
16.47716607449319,M,W,3.0,L,C,1.807627947821989,-1.6176889873747788,-0.29532281821923984,51.904758297227104,32.71230412347846
18.16716607449319,A,W,2.0,L,R,0.6076279478219888,-1.5676889873747788,-0.41532281821923983,70.49475829722711,31.17590412347846
13.92716607449319,A,W,4.0,M,R,1.0276279478219887,-1.537688987374779,,60.71475829722711,23.408404123478462
31.037166074493186,A,W,4.0,M,C,,-1.8876889873747789,-0.5053228182192399,,25.719204123478463
,A,,4.0,L,C,3.0576279478219885,-1.767688987374779,-0.35532281821923983,8.844758297227106,25.22150412347846
136.60368065826822,E,W,1.0,L,C,2.617627947821989,-1.037688987374779,-0.41532281821923983,44.934758297227106,292.53860143566214
25.26716607449319,E,W,3.0,M,C,0.6976279478219891,,-0.21532281821923982,85.9347582972271,83.00350412347846
,A,W,2.0,H,R,0.5476279478219888,-1.5276889873747788,-0.49532281821923985,72.85475829722711,22.56750412347846
23.21716607449319,,W,4.0,M,R,2.167627947821989,-1.5476889873747788,-0.16532281821923983,60.3147582972271,51.071704123478455
19.05716607449319,A,,3.0,L,,2.777627947821989,-1.6576889873747789,,72.60475829722711,44.47390412347846
14.827166074493189,A,W,1.0,M,C,1.637627947821989,-1.177688987374779,-0.31532281821923985,4.204758297227107,23.62390412347846
36.91716607449319,A,W,1.0,H,S,0.577627947821989,-0.517688987374779,-0.25532281821923986,,98.00050412347846
25.16716607449319,E,W,4.0,H,C,1.8576279478219888,-0.527688987374779,-0.13532281821923986,7.774758297227106,57.70670412347846
26.69716607449319,,W,3.0,L,C,2.867627947821989,-1.3076889873747788,-0.29532281821923984,37.694758297227104,46.56780412347847
3.98716607449319,N,W,2.0,H,C,1.177627947821989,-1.237688987374779,-0.43532281821923985,100.53475829722711,25.915704123478463
,M,W,2.0,L,R,1.8376279478219888,-1.727688987374779,-0.3453228182192398,85.33475829722711,43.77990412347846
3.6871660744931893,A,W,3.0,L,C,1.727627947821989,-1.5676889873747788,-0.30532281821923984,96.02475829722711,35.86730412347846
23.187166074493188,A,W,4.0,M,C,0.327627947821989,-1.277688987374779,-0.38532281821923986,112.0747582972271,
8.167166074493188,E,W,2.0,H,C,1.077627947821989,-1.827688987374779,-0.23532281821923984,4.0147582972271065,8.046904123478457
46.48716607449319,M,,4.0,H,R,3.167627947821989,-1.287688987374779,-0.49532281821923985,34.644758297227106,61.533904123478464
-0.0428339255068102,M,W,1.0,L,S,2.237627947821989,-1.457688987374779,-0.42532281821923984,9.734758297227106,5.3702041234784605
9.00716607449319,A,W,1.0,,,1.997627947821989,-1.707688987374779,-0.2753228182192398,28.554758297227107,18.994504123478464
0.6571660744931895,M,W,1.0,L,C,1.1476279478219888,-1.827688987374779,-0.49532281821923985,90.9047582972271,12.571004123478458
,N,W,1.0,H,C,,-0.997688987374779,-0.13532281821923986,21.194758297227107,15.70710412347846
25.28716607449319,M,W,,,C,2.157627947821989,-1.6176889873747788,-0.13532281821923986,77.86475829722711,61.18230412347846
12.08716607449319,M,W,1.0,M,R,2.037627947821989,-1.517688987374779,-0.4453228182192398,64.74475829722711,25.036104123478463
22.35716607449319,M,W,3.0,L,R,2.187627947821989,-1.0676889873747788,-0.48532281821923984,98.30475829722711,47.47900412347846
20.62716607449319,M,W,4.0,M,C,1.5876279478219888,-1.4176889873747789,-0.38532281821923986,41.9547582972271,33.380004123478464
13.96716607449319,M,W,2.0,M,S,0.41762794782198887,-1.4076889873747789,-0.49532281821923985,96.11475829722711,27.391904123478465
36.20716607449319,A,W,,L,C,0.6876279478219889,-0.787688987374779,,34.654758297227104,80.14390412347846
2.5471660744931897,M,W,3.0,M,R,2.097627947821989,-0.5776889873747788,-0.37532281821923985,66.81475829722712,26.767904123478463
27.15716607449319,,W,1.0,H,C,1.557627947821989,-1.3676889873747788,-0.25532281821923986,81.2947582972271,61.24700412347846
17.597166074493188,N,W,3.0,M,R,1.8976279478219888,,-0.2753228182192398,46.9147582972271,27.755904123478462
29.147166074493192,A,W,2.0,,C,2.0276279478219887,-0.7176889873747789,-0.2753228182192398,4.4747582972271065,56.83650412347847
34.90716607449319,N,W,2.0,M,C,2.6476279478219893,-1.697688987374779,-0.38532281821923986,38.8447582972271,37.42630412347846
8.417166074493188,E,W,3.0,M,C,0.3576279478219888,,-0.17532281821923984,103.87475829722712,59.107104123478464
27.07716607449319,M,W,2.0,M,C,2.487627947821989,-1.717688987374779,-0.37532281821923985,96.31475829722712,45.23010412347846
46.63716607449319,M,W,2.0,M,C,3.087627947821989,-1.6376889873747789,-0.41532281821923983,11.834758297227108,42.65770412347847
45.287166074493186,,W,1.0,,R,1.9676279478219891,-0.787688987374779,-0.3353228182192398,98.20475829722712,106.70430412347847
9.227166074493189,M,W,,L,C,,-1.827688987374779,-0.30532281821923984,,15.714204123478458
0.9771660744931898,A,W,4.0,H,R,1.7576279478219887,-0.757688987374779,,3.1347582972271066,7.7144041234784595
42.20716607449319,A,W,2.0,H,C,2.0676279478219888,-1.847688987374779,,108.2947582972271,66.74320412347845
45.62716607449319,E,W,1.0,L,C,1.8576279478219888,-0.757688987374779,-0.22532281821923983,77.11475829722711,111.39160412347846
38.08716607449319,M,W,1.0,H,,2.187627947821989,-0.5976889873747788,-0.21532281821923982,33.974758297227105,89.29310412347846
27.04716607449319,A,W,1.0,L,C,0.38762794782198906,-1.277688987374779,-0.3353228182192398,21.18475829722711,
,M,W,3.0,H,S,1.057627947821989,-1.3776889873747789,-0.2753228182192398,,63.306704123478454
29.757166074493192,N,W,1.0,M,C,0.36762794782198904,-1.557688987374779,-0.24532281821923985,13.414758297227106,32.303804123478464
-0.06283392550681022,E,W,3.0,L,R,1.0676279478219888,-1.2976889873747788,-0.23532281821923984,54.7347582972271,23.94410412347846
22.91716607449319,A,W,2.0,M,C,3.1076279478219893,-1.7576889873747787,-0.48532281821923984,64.99475829722711,27.02960412347846
,A,W,3.0,L,C,2.277627947821989,-1.677688987374779,-0.47532281821923983,47.4547582972271,15.21350412347846
30.347166074493188,N,W,1.0,L,C,0.557627947821989,-0.757688987374779,-0.29532281821923984,39.10475829722711,67.03150412347846
37.31716607449319,A,W,1.0,M,C,1.037627947821989,-1.2976889873747788,-0.5153228182192399,49.2747582972271,49.37170412347846
32.33716607449319,A,W,4.0,M,C,2.187627947821989,-1.8576889873747788,-0.22532281821923983,108.14475829722711,63.030904123478464
3.99716607449319,M,W,2.0,M,R,0.807627947821989,-0.9176889873747789,-0.38532281821923986,7.084758297227107,11.38490412347846
37.29716607449319,E,W,3.0,L,C,2.057627947821989,-1.7576889873747787,-0.19532281821923986,60.7447582972271,53.08930412347846
,E,W,1.0,M,C,2.017627947821989,-1.267688987374779,-0.30532281821923984,85.8247582972271,73.49980412347846
30.467166074493193,N,W,1.0,M,C,2.527627947821989,-1.8976889873747789,-0.20532281821923987,70.41475829722711,47.72200412347846
22.38716607449319,E,W,2.0,H,C,2.197627947821989,-0.7076889873747789,-0.49532281821923985,80.61475829722711,53.49810412347846
12.26716607449319,M,W,3.0,L,R,0.9776279478219889,-1.717688987374779,-0.24532281821923985,88.0447582972271,43.06310412347845
109.95812436477578,A,W,2.0,H,S,1.597627947821989,-0.517688987374779,-0.38532281821923986,76.7147582972271,229.45818933086733
119.94735705424647,A,W,,H,C,2.377627947821989,-1.457688987374779,-0.49532281821923985,29.064758297227108,244.04822202270975
2.4671660744931896,,W,2.0,L,C,0.5876279478219888,,-0.43532281821923985,10.804758297227107,6.686504123478459
42.00716607449319,A,W,1.0,M,C,2.117627947821989,-1.8376889873747788,-0.11532281821923984,75.16475829722711,64.89030412347846
16.46716607449319,A,W,2.0,L,,0.307627947821989,-0.9076889873747789,-0.15532281821923982,102.39475829722711,75.69590412347847
24.26716607449319,A,W,2.0,M,C,2.237627947821989,-1.847688987374779,-0.12532281821923985,22.52475829722711,27.885304123478463
4.82716607449319,M,W,3.0,L,R,0.327627947821989,-0.6376889873747789,,52.264758297227104,29.573504123478465
20.47716607449319,N,,3.0,L,R,1.8376279478219888,-1.8176889873747788,-0.37532281821923985,64.88475829722711,30.081904123478466
40.68716607449319,A,W,3.0,L,R,0.5076279478219887,-1.3776889873747789,-0.5053228182192399,87.75475829722711,53.87600412347847
4.457166074493189,A,W,2.0,M,R,2.8476279478219886,-0.9176889873747789,-0.12532281821923985,27.43475829722711,26.426404123478463
47.11716607449319,A,W,3.0,L,C,1.3176279478219888,-1.4876889873747787,-0.25532281821923986,84.75475829722711,77.21180412347846
37.62716607449319,A,W,3.0,L,R,1.0476279478219888,-0.8776889873747789,,110.92475829722711,80.80270412347846
3.7571660744931896,A,W,4.0,M,C,2.327627947821989,-0.6976889873747789,-0.36532281821923984,99.36475829722711,37.253504123478464
11.29716607449319,A,W,4.0,L,S,3.087627947821989,-1.767688987374779,-0.4653228182192398,35.904758297227104,16.173404123478463
113.79484680455892,M,W,2.0,H,C,2.057627947821989,-1.677688987374779,-0.36532281821923984,108.9047582972271,244.74511303556903
36.107166074493186,A,W,3.0,L,C,1.407627947821989,-1.1376889873747789,-0.35532281821923983,13.554758297227107,53.52650412347846
38.427166074493186,A,W,1.0,M,R,0.46762794782198913,,-0.41532281821923983,69.58475829722711,33.61990412347846
16.57716607449319,A,W,1.0,H,C,0.6476279478219888,-1.557688987374779,-0.32532281821923986,15.014758297227107,20.48660412347846
40.677166074493186,A,W,2.0,L,,3.2176279478219887,-1.6276889873747789,-0.2853228182192398,109.38475829722711,
24.71716607449319,N,W,1.0,M,C,1.9376279478219889,-1.8376889873747788,-0.12532281821923985,111.51475829722712,71.72280412347845
41.11716607449319,M,W,3.0,M,C,2.867627947821989,-0.7276889873747789,-0.25532281821923986,21.994758297227108,
17.67716607449319,E,W,3.0,L,S,1.977627947821989,-0.9376889873747789,-0.21532281821923982,45.6247582972271,49.60990412347846
35.37716607449319,M,,1.0,L,R,1.7376279478219891,-1.237688987374779,-0.4453228182192398,107.61475829722711,63.69500412347847
6.4971660744931885,A,W,1.0,M,C,0.597627947821989,-0.747688987374779,-0.48532281821923984,16.18475829722711,16.80080412347846
5.02716607449319,A,W,3.0,M,C,1.8576279478219888,-0.507688987374779,-0.19532281821923986,53.824758297227106,38.55970412347846
46.50716607449319,M,W,1.0,L,C,1.887627947821989,-1.3876889873747789,-0.3353228182192398,7.5547582972271075,53.60290412347847
35.04716607449319,E,W,2.0,M,R,0.26762794782198895,-1.577688987374779,-0.22532281821923983,110.12475829722712,74.01830412347847
19.29716607449319,N,,4.0,L,C,0.5876279478219888,-0.4476889873747789,-0.20532281821923987,55.67475829722711,66.07670412347846
43.677166074493186,N,W,3.0,H,C,2.657627947821989,-0.997688987374779,-0.31532281821923985,40.96475829722711,79.82490412347846
28.87716607449319,M,W,1.0,,R,0.37762794782198883,-0.6676889873747789,-0.42532281821923984,66.72475829722711,67.18400412347846
42.427166074493186,A,W,3.0,M,R,0.5676279478219888,-1.687688987374779,-0.3353228182192398,6.594758297227107,34.22170412347846
3.0871660744931897,A,W,,L,C,3.207627947821989,-1.727688987374779,-0.38532281821923986,79.85475829722711,24.32940412347846
42.48716607449319,N,W,3.0,M,C,0.9476279478219891,-1.6476889873747789,-0.37532281821923985,68.12475829722712,50.88670412347847
1.23716607449319,E,W,2.0,H,R,2.3476279478219886,-1.787688987374779,-0.4653228182192398,28.564758297227108,7.71120412347846
11.42716607449319,N,W,3.0,H,C,3.237627947821989,-1.427688987374779,-0.24532281821923985,106.28475829722711,55.63090412347846
11.317166074493189,N,W,1.0,M,C,2.157627947821989,-0.9176889873747789,-0.29532281821923984,,40.956904123478466
40.61716607449319,E,W,1.0,L,C,1.017627947821989,-0.9676889873747789,-0.41532281821923983,67.05475829722711,76.07440412347846
-0.11283392550681048,A,W,3.0,L,C,2.9776279478219894,-0.6076889873747788,-0.31532281821923985,57.334758297227104,
17.14716607449319,N,W,3.0,H,C,1.617627947821989,-1.807688987374779,-0.49532281821923985,61.2447582972271,19.61130412347846
1.5871660744931897,A,W,3.0,M,C,1.4676279478219891,-1.8876889873747789,-0.31532281821923985,58.4947582972271,20.156704123478463
-1.3128339255068102,A,W,4.0,H,C,1.177627947821989,-1.1076889873747788,-0.24532281821923985,77.24475829722711,30.71270412347846
32.52716607449319,M,W,3.0,,C,2.7176279478219887,-0.4376889873747789,-0.15532281821923982,91.9647582972271,114.19670412347845
38.91716607449319,N,W,3.0,H,C,2.8476279478219886,-0.6476889873747789,-0.5053228182192399,85.03475829722711,84.58270412347845
43.43716607449319,A,W,1.0,M,R,2.987627947821989,-0.6176889873747788,-0.26532281821923986,,93.38890412347845
7.717166074493189,M,W,4.0,M,C,2.6876279478219893,,-0.37532281821923985,77.72475829722711,34.51180412347846
31.04716607449319,E,W,4.0,L,C,1.8376279478219888,-1.6576889873747789,-0.4453228182192398,37.6647582972271,32.54770412347847
43.24716607449319,A,W,3.0,L,C,2.3576279478219893,-0.5576889873747788,-0.4053228182192399,57.78475829722711,98.88010412347846
16.14716607449319,N,W,2.0,L,,0.6676279478219889,-1.277688987374779,-0.21532281821923982,47.764758297227104,40.42470412347846
17.55716607449319,E,W,2.0,M,C,0.7576279478219887,-0.987688987374779,-0.22532281821923983,51.71475829722711,49.09050412347846
,M,W,4.0,H,C,2.217627947821989,-0.6876889873747789,-0.42532281821923984,56.5647582972271,69.52070412347847
34.65716607449319,A,W,4.0,L,R,0.4376279478219889,-0.5776889873747788,-0.13532281821923986,60.1347582972271,97.47910412347846
15.67716607449319,A,W,1.0,M,C,2.527627947821989,-1.3476889873747788,-0.47532281821923983,,21.76140412347846
22.26716607449319,A,W,2.0,M,R,1.3776279478219888,-1.267688987374779,-0.42532281821923984,41.1247582972271,36.66850412347846
24.19716607449319,E,W,1.0,M,C,0.4776279478219889,-1.677688987374779,-0.36532281821923984,33.96475829722711,27.68170412347846
31.98716607449319,E,W,4.0,L,C,1.9876279478219891,-0.9676889873747789,-0.21532281821923982,19.604758297227107,59.344904123478464
5.6171660744931895,E,W,,L,S,1.7176279478219891,,-0.36532281821923984,97.4347582972271,29.681604123478458
23.82716607449319,E,W,4.0,M,C,2.7576279478219887,-0.7976889873747788,-0.39532281821923987,11.834758297227108,47.23890412347846
9.897166074493189,M,W,3.0,L,C,1.617627947821989,-1.8876889873747789,,18.984758297227106,14.112004123478462
18.15716607449319,E,W,4.0,L,,2.987627947821989,-1.007688987374779,-0.21532281821923982,103.55475829722711,73.03020412347846
36.16716607449319,A,W,4.0,M,C,,-1.3376889873747788,-0.3353228182192398,59.8747582972271,58.494304123478464
24.37716607449319,E,W,1.0,L,R,1.9876279478219891,-0.7976889873747788,-0.31532281821923985,,63.015904123478464
45.34716607449319,N,W,3.0,M,C,3.207627947821989,-0.4276889873747789,-0.39532281821923987,17.29475829722711,101.59390412347847
3.3771660744931897,N,W,4.0,M,S,0.29762794782198876,-1.187688987374779,-0.24532281821923985,92.39475829722711,41.08210412347846
6.877166074493189,A,W,1.0,M,C,2.137627947821989,-1.427688987374779,-0.31532281821923985,103.89475829722711,41.73540412347846
12.09716607449319,E,W,2.0,,R,0.6776279478219891,-1.557688987374779,-0.43532281821923985,35.934758297227106,18.56710412347846
13.757166074493188,E,,2.0,M,C,1.017627947821989,-1.267688987374779,-0.29532281821923984,16.02475829722711,24.085204123478462
44.70716607449319,M,W,3.0,L,C,2.377627947821989,-1.6176889873747788,-0.30532281821923984,103.41475829722711,71.29620412347846
32.76716607449319,N,W,1.0,H,R,2.187627947821989,-1.7976889873747788,-0.5153228182192399,102.10475829722711,32.88870412347846
37.72716607449319,A,W,3.0,M,C,0.9776279478219889,-1.8676889873747788,-0.35532281821923983,15.284758297227107,25.981904123478465
7.547166074493189,M,W,1.0,L,C,,-1.5676889873747788,-0.3353228182192398,110.7947582972271,39.45570412347846
,A,W,2.0,M,C,2.3076279478219885,-1.3676889873747788,-0.15532281821923982,5.344758297227107,35.92700412347846
46.65716607449319,M,W,2.0,M,C,2.407627947821989,-1.227688987374779,-0.4553228182192398,34.4147582972271,65.36340412347846
42.59716607449319,N,W,4.0,L,R,0.36762794782198904,-1.1376889873747789,-0.38532281821923986,55.014758297227104,69.86540412347846
29.16716607449319,A,W,3.0,L,C,1.5076279478219887,-1.767688987374779,-0.41532281821923983,29.88475829722711,26.895904123478463
,M,W,3.0,L,C,2.247627947821989,-0.5476889873747788,-0.4653228182192398,98.44475829722711,47.48090412347847
21.097166074493188,M,W,1.0,H,C,1.037627947821989,-1.177688987374779,-0.35532281821923983,47.014758297227104,41.68450412347846
21.08716607449319,A,W,3.0,,C,1.3576279478219888,-0.8976889873747789,-0.18532281821923985,101.00475829722711,80.23470412347847
2.5971660744931895,,W,3.0,L,C,0.7376279478219891,-1.197688987374779,,116.52475829722711,41.145304123478454
35.40716607449319,A,W,1.0,M,C,,-1.3376889873747788,-0.22532281821923983,49.4147582972271,60.01100412347847
4.957166074493189,A,W,4.0,M,C,2.407627947821989,-1.4876889873747787,-0.43532281821923985,97.7147582972271,25.82520412347846
21.26716607449319,M,W,2.0,L,,2.167627947821989,-0.7276889873747789,,80.22475829722711,51.84470412347846
40.04716607449319,M,W,3.0,H,C,2.907627947821989,-1.3676889873747788,-0.2753228182192398,60.934758297227106,67.54490412347846
10.19716607449319,,W,2.0,M,C,1.517627947821989,-1.017688987374779,-0.42532281821923984,14.554758297227107,21.14720412347846
22.00716607449319,M,W,2.0,H,C,1.6476279478219888,-0.8776889873747789,-0.41532281821923983,66.22475829722711,51.793104123478464
23.88716607449319,A,W,2.0,H,C,1.7976279478219888,-1.597688987374779,-0.17532281821923984,36.504758297227106,38.847904123478465
20.707166074493188,A,W,2.0,M,C,0.787627947821989,-1.8176889873747788,-0.2753228182192398,36.584758297227104,26.22790412347846
15.06716607449319,M,W,1.0,H,C,1.9376279478219889,-1.727688987374779,-0.12532281821923985,83.83475829722711,54.53600412347846
37.29716607449319,A,W,2.0,M,R,1.3776279478219888,-0.537688987374779,-0.39532281821923987,63.7747582972271,89.55130412347846
35.90716607449319,M,W,3.0,M,C,1.327627947821989,-0.7976889873747788,-0.4653228182192398,88.22475829722711,
45.65716607449319,N,W,3.0,L,C,3.027627947821989,,-0.11532281821923984,78.02475829722711,
40.18716607449319,A,,1.0,L,C,2.987627947821989,-0.7076889873747789,-0.23532281821923984,40.1247582972271,90.79770412347847
25.347166074493188,M,W,3.0,H,C,0.9476279478219891,-1.037688987374779,-0.47532281821923983,98.91475829722711,52.20970412347846
42.68716607449319,A,W,,L,C,,-1.517688987374779,-0.11532281821923984,78.88475829722711,82.33390412347848
-0.18283392550681032,A,W,4.0,L,C,2.8476279478219886,-0.46768898737477893,-0.2753228182192398,95.5747582972271,39.44200412347846
10.26716607449319,,W,3.0,L,C,1.847627947821989,-1.3076889873747788,-0.47532281821923983,33.224758297227105,19.554904123478465
7.26716607449319,A,W,4.0,L,R,2.747627947821989,-0.7976889873747788,-0.23532281821923984,23.494758297227108,
1.9371660744931893,A,W,1.0,L,C,2.5476279478219888,-0.5476889873747788,-0.3353228182192398,115.52475829722711,42.62780412347846
33.20716607449319,A,W,4.0,L,C,,-1.1276889873747789,-0.4453228182192398,83.0447582972271,61.65630412347846
6.567166074493189,M,W,1.0,L,C,2.8076279478219885,-1.847688987374779,-0.43532281821923985,13.004758297227106,9.07630412347846
28.50716607449319,N,W,4.0,H,C,2.107627947821989,-1.8376889873747788,-0.41532281821923983,30.93475829722711,25.080304123478463
-0.33283392550681024,M,W,,L,C,1.0476279478219888,-1.1176889873747788,-0.24532281821923985,51.194758297227104,22.202604123478462
19.75716607449319,M,W,2.0,M,C,2.577627947821989,,-0.17532281821923984,71.35475829722711,
44.02716607449319,E,W,1.0,H,C,2.3876279478219886,-1.0876889873747788,-0.48532281821923984,64.4647582972271,
37.95716607449319,E,W,1.0,L,R,3.1476279478219893,-1.0676889873747788,,37.9847582972271,66.44540412347845
12.497166074493189,M,W,1.0,,C,3.197627947821989,-1.3476889873747788,-0.24532281821923985,62.20475829722711,41.57020412347846
16.41716607449319,E,W,3.0,L,C,2.237627947821989,-0.9076889873747789,-0.4553228182192398,92.87475829722712,44.73420412347846
-0.9028339255068103,A,W,1.0,M,C,0.327627947821989,-0.4376889873747789,-0.24532281821923985,69.56475829722712,28.878104123478465
38.16716607449319,A,W,,M,C,2.0276279478219887,-1.5676889873747788,-0.5153228182192399,52.4547582972271,40.55090412347846
17.07716607449319,M,W,3.0,L,,0.7476279478219889,-1.537688987374779,-0.12532281821923985,,
43.73716607449319,E,W,1.0,H,C,0.9876279478219891,-0.5776889873747788,-0.17532281821923984,19.194758297227107,94.24070412347847
11.26716607449319,E,W,4.0,L,C,1.307627947821989,,-0.12532281821923985,80.24475829722711,56.31210412347846
28.08716607449319,A,W,2.0,H,C,1.207627947821989,-1.177688987374779,-0.43532281821923985,68.06475829722712,50.396704123478465
2.1871660744931893,M,W,1.0,M,,1.0476279478219888,-1.197688987374779,-0.13532281821923986,81.7147582972271,45.565504123478455
43.66716607449319,M,W,2.0,L,R,0.3176279478219888,-1.577688987374779,-0.39532281821923987,83.8247582972271,56.476304123478464
41.12716607449319,M,W,3.0,L,C,3.237627947821989,-1.217688987374779,-0.15532281821923982,39.8447582972271,73.44950412347846
23.55716607449319,A,W,4.0,M,C,2.097627947821989,-1.007688987374779,-0.25532281821923986,46.8047582972271,55.10540412347845
44.177166074493186,M,W,4.0,L,S,0.767627947821989,-0.5476889873747788,-0.12532281821923985,75.94475829722711,125.10480412347846
32.23716607449319,A,W,3.0,L,R,1.537627947821989,-1.0576889873747788,-0.16532281821923983,40.754758297227106,66.69100412347846
20.207166074493188,M,W,4.0,M,R,0.6276279478219888,-1.1076889873747788,-0.37532281821923985,87.69475829722711,50.57110412347846
0.12716607449318973,A,W,1.0,L,C,2.037627947821989,-1.687688987374779,-0.3353228182192398,7.904758297227107,5.179504123478461
7.1171660744931895,N,W,4.0,H,C,2.577627947821989,-1.5676889873747788,-0.18532281821923985,32.084758297227104,23.891404123478463
44.91716607449319,,W,4.0,L,C,0.767627947821989,-1.597688987374779,-0.3353228182192398,104.11475829722711,67.84610412347845
41.927166074493186,M,W,1.0,L,C,2.7576279478219887,-0.8376889873747788,-0.26532281821923986,92.19475829722711,104.68240412347846
2.7171660744931896,A,W,2.0,H,C,2.6376279478219886,,-0.5153228182192399,28.394758297227106,13.597504123478457
4.8671660744931895,A,W,1.0,L,C,,-1.1276889873747789,-0.49532281821923985,19.624758297227107,11.549304123478459
1.8071660744931894,A,W,4.0,M,R,0.27762794782198874,-1.177688987374779,-0.14532281821923987,95.58475829722711,50.10810412347846
103.07071611121916,N,W,2.0,L,R,2.187627947821989,-0.7276889873747789,-0.29532281821923984,21.11475829722711,198.31941330960646
-0.5728339255068104,N,W,,L,C,0.6776279478219891,-0.9776889873747789,-0.35532281821923983,27.72475829722711,9.898304123478459
10.17716607449319,M,W,1.0,L,C,1.4676279478219891,-0.6276889873747789,-0.49532281821923985,101.28475829722711,35.413404123478465
20.33716607449319,A,W,4.0,M,C,1.6476279478219888,-1.237688987374779,-0.4653228182192398,98.56475829722712,42.309704123478454
22.21716607449319,M,W,2.0,M,S,1.497627947821989,-0.5476889873747788,-0.2853228182192398,69.03475829722711,70.03170412347846
35.43716607449319,A,W,1.0,L,C,1.2376279478219891,-1.7776889873747788,-0.20532281821923987,29.234758297227106,36.72980412347846
39.88716607449319,A,W,2.0,M,R,3.0976279478219886,-1.1276889873747789,-0.4453228182192398,66.00475829722711,68.00670412347846
6.76716607449319,E,,4.0,M,C,1.7776279478219887,-1.1376889873747789,,85.47475829722711,35.91440412347846
42.15716607449319,A,W,1.0,H,C,1.0076279478219887,-1.467688987374779,-0.37532281821923985,30.36475829722711,49.73560412347846
33.07716607449319,E,W,2.0,L,C,1.3776279478219888,-1.497688987374779,-0.20532281821923987,31.21475829722711,46.23720412347847
25.62716607449319,A,W,1.0,M,C,3.167627947821989,-0.6376889873747789,-0.15532281821923982,107.41475829722711,102.39170412347846
35.12716607449319,E,W,,H,C,2.787627947821989,-0.5676889873747788,-0.32532281821923986,28.394758297227106,80.07980412347847
1.77716607449319,A,W,1.0,M,,2.7576279478219887,-1.3376889873747788,-0.18532281821923985,54.6247582972271,30.294104123478462
16.277166074493188,A,W,2.0,M,C,0.2576279478219887,-1.1176889873747788,-0.4653228182192398,78.69475829722711,35.44640412347846
26.46716607449319,A,W,2.0,H,C,0.29762794782198876,-0.8276889873747788,-0.13532281821923986,68.22475829722711,78.81770412347846
5.407166074493189,N,W,4.0,M,S,1.497627947821989,-1.1476889873747789,-0.12532281821923985,9.784758297227107,15.94850412347846
2.24716607449319,M,W,4.0,L,C,1.4176279478219889,-0.49768898737477896,-0.4053228182192399,73.17475829722711,25.219204123478463
22.10716607449319,A,W,3.0,L,R,1.307627947821989,-1.6476889873747789,-0.19532281821923986,70.22475829722711,49.043304123478464
33.84716607449319,,W,,L,C,0.6376279478219891,-0.8576889873747788,-0.4453228182192398,11.114758297227105,58.33820412347846
6.17716607449319,A,W,2.0,M,C,1.9876279478219891,-1.9076889873747789,-0.43532281821923985,57.8147582972271,15.556804123478459
,A,W,1.0,M,C,1.267627947821989,-1.717688987374779,-0.26532281821923986,92.9647582972271,67.19490412347847
24.07716607449319,A,W,2.0,L,C,0.6876279478219889,-1.0976889873747788,-0.39532281821923987,,41.204704123478464
37.82716607449319,E,W,2.0,,C,2.407627947821989,-0.6076889873747788,-0.23532281821923984,33.35475829722711,87.67950412347847
11.887166074493189,E,W,3.0,M,C,2.137627947821989,-0.49768898737477896,-0.14532281821923987,48.0647582972271,52.16970412347845
11.897166074493189,A,W,4.0,M,C,3.0476279478219888,-1.207688987374779,-0.3353228182192398,111.48475829722712,50.87360412347847
7.26716607449319,E,W,3.0,H,R,0.9776279478219889,-1.3576889873747788,-0.21532281821923982,14.324758297227106,16.424304123478464
,E,W,1.0,L,S,0.347627947821989,-0.9476889873747789,-0.3453228182192398,46.7747582972271,72.93640412347845
43.82716607449319,N,W,2.0,M,C,3.1876279478219893,,-0.26532281821923986,12.734758297227106,49.48140412347846
43.19716607449319,A,W,3.0,H,C,0.827627947821989,-1.6276889873747789,-0.18532281821923985,111.44475829722711,84.17000412347846
29.527166074493188,N,W,4.0,L,C,2.577627947821989,-0.537688987374779,-0.3353228182192398,11.254758297227106,65.37950412347845
38.20716607449319,M,,4.0,L,,1.557627947821989,-0.7076889873747789,-0.15532281821923982,34.944758297227104,86.96230412347846
37.50716607449319,M,W,1.0,M,R,,-1.6176889873747788,-0.38532281821923986,113.2947582972271,59.882204123478466
41.79716607449319,A,W,2.0,M,R,2.7976279478219888,-1.2976889873747788,-0.15532281821923982,12.244758297227108,57.54390412347847
10.00716607449319,M,W,4.0,M,R,3.0576279478219885,-1.6576889873747789,-0.43532281821923985,96.2147582972271,28.71210412347846
7.727166074493189,A,W,3.0,M,C,2.457627947821989,,-0.31532281821923985,71.36475829722711,28.79190412347846
19.72716607449319,A,W,1.0,M,C,1.657627947821989,-0.6476889873747789,-0.3353228182192398,25.394758297227106,47.508704123478466
28.707166074493188,N,W,1.0,M,R,2.817627947821989,-1.537688987374779,-0.37532281821923985,89.78475829722711,50.81830412347846
1.52716607449319,M,W,2.0,L,R,2.017627947821989,-0.47768898737477894,-0.5153228182192399,43.364758297227105,13.28390412347846
136.18939626871514,A,W,2.0,L,R,1.0476279478219888,-0.5976889873747788,-0.47532281821923983,48.9147582972271,273.2905008648492
13.397166074493189,M,W,1.0,L,C,0.5876279478219888,,-0.20532281821923987,95.4347582972271,60.50520412347845
28.79716607449319,M,W,1.0,L,C,1.767627947821989,,-0.5053228182192399,8.244758297227108,20.40620412347846
15.237166074493189,E,,2.0,L,R,1.177627947821989,-0.8076889873747788,-0.24532281821923985,72.74475829722711,56.16120412347846
19.97716607449319,M,W,3.0,M,C,2.587627947821989,,-0.38532281821923986,27.77475829722711,41.89360412347847
22.54716607449319,E,W,4.0,L,S,0.9776279478219889,-1.3876889873747789,-0.20532281821923987,47.53475829722711,45.63700412347846
17.35716607449319,A,W,,L,C,2.177627947821989,-0.997688987374779,-0.23532281821923984,5.254758297227107,31.83110412347846
23.527166074493188,A,W,4.0,L,C,0.767627947821989,,-0.22532281821923983,106.42475829722711,
16.28716607449319,A,W,2.0,L,C,2.8876279478219886,-1.847688987374779,,109.95475829722712,31.029004123478458
46.26716607449319,A,W,3.0,H,R,1.827627947821989,-1.207688987374779,-0.39532281821923987,26.074758297227106,65.64710412347846
33.70716607449319,E,W,4.0,,R,1.3776279478219888,-1.267688987374779,-0.4653228182192398,82.0447582972271,54.24090412347846
21.32716607449319,A,W,1.0,L,S,0.6776279478219891,-1.6676889873747789,-0.3353228182192398,101.25475829722711,45.91750412347846
33.357166074493186,M,W,4.0,,R,1.8576279478219888,,-0.3453228182192398,,93.55930412347846
11.77716607449319,E,W,2.0,H,C,1.9876279478219891,-0.6276889873747789,,27.664758297227106,36.470604123478466
9.29716607449319,A,W,4.0,L,R,0.39762794782198885,-0.6876889873747789,-0.30532281821923984,5.4347582972271065,21.932504123478463
26.71716607449319,A,W,4.0,H,S,2.8476279478219886,-1.0976889873747788,-0.3353228182192398,73.34475829722712,61.181504123478476
45.63716607449319,E,W,3.0,H,R,,-1.4176889873747789,-0.13532281821923986,108.26475829722712,100.62630412347846
6.10716607449319,E,,2.0,H,C,2.837627947821989,-0.747688987374779,-0.39532281821923987,82.41475829722711,34.589104123478464
24.66716607449319,A,W,1.0,L,C,2.5476279478219888,-1.457688987374779,-0.12532281821923985,100.16475829722711,77.20750412347846
,A,W,4.0,M,R,1.227627947821989,-1.177688987374779,-0.3353228182192398,34.764758297227104,41.159104123478464
,A,W,3.0,H,C,2.617627947821989,-1.6176889873747788,-0.12532281821923985,16.47475829722711,11.111004123478459
35.09716607449319,E,W,2.0,H,R,1.847627947821989,-1.287688987374779,-0.16532281821923983,111.5747582972271,94.02650412347845
16.207166074493188,A,W,4.0,M,C,2.6076279478219893,-1.197688987374779,-0.5153228182192399,113.6847582972271,35.64750412347846
25.03716607449319,M,W,3.0,L,C,2.777627947821989,-1.197688987374779,-0.37532281821923985,,38.546104123478464
12.397166074493189,M,,,L,C,2.177627947821989,-1.687688987374779,-0.49532281821923985,,23.80420412347846
3.6771660744931896,M,W,3.0,M,R,2.6776279478219887,-1.8676889873747788,-0.31532281821923985,43.4947582972271,18.10540412347846
5.637166074493189,M,,4.0,M,C,0.6776279478219891,-0.8376889873747788,-0.12532281821923985,61.96475829722711,43.62690412347846
20.21716607449319,M,W,3.0,H,R,1.827627947821989,-0.737688987374779,,22.02475829722711,45.28490412347846
-1.3428339255068102,E,W,1.0,L,C,2.577627947821989,-0.7176889873747789,-0.19532281821923986,75.38475829722711,
10.247166074493189,A,W,3.0,M,S,2.867627947821989,-1.247688987374779,-0.17532281821923984,100.38475829722711,61.43230412347846
7.167166074493188,A,W,,L,C,0.4076279478219891,-0.5576889873747788,-0.39532281821923987,105.33475829722711,40.87930412347846
31.65716607449319,M,W,3.0,M,C,1.827627947821989,,-0.35532281821923983,57.224758297227105,56.49700412347846
6.667166074493188,A,W,1.0,,R,0.347627947821989,-0.6276889873747789,-0.2853228182192398,40.514758297227104,29.62840412347846
43.61716607449319,A,W,3.0,L,C,2.327627947821989,-0.4276889873747789,-0.2753228182192398,61.1347582972271,114.48200412347846
34.26716607449319,E,W,3.0,L,C,1.6476279478219888,-1.6376889873747789,-0.16532281821923983,41.92475829722711,48.54710412347846
5.9971660744931885,N,W,3.0,L,C,3.207627947821989,-1.227688987374779,-0.24532281821923985,22.88475829722711,21.14120412347846
4.94716607449319,N,W,2.0,L,R,1.4476279478219891,-1.437688987374779,-0.3453228182192398,91.72475829722711,32.59630412347846
25.80716607449319,E,W,2.0,M,R,3.087627947821989,,-0.49532281821923985,101.33475829722711,36.62390412347846
46.427166074493186,A,W,2.0,L,C,0.6276279478219888,-1.557688987374779,-0.21532281821923982,45.8047582972271,60.31590412347846
97.50758608351227,A,W,3.0,M,R,2.707627947821989,,,87.2947582972271,326.36290806362496
6.797166074493189,M,W,4.0,M,C,1.207627947821989,-0.47768898737477894,-0.35532281821923983,40.3847582972271,29.167704123478458
15.187166074493188,A,W,3.0,H,C,0.9676279478219891,-1.6476889873747789,-0.2853228182192398,18.244758297227108,19.72890412347846
22.75716607449319,M,W,3.0,M,R,2.4676279478219887,-1.1176889873747788,-0.35532281821923983,84.03475829722711,56.335904123478464
23.83716607449319,A,W,4.0,L,R,2.5476279478219888,-0.8276889873747788,-0.41532281821923983,109.26475829722712,65.45480412347847
40.30716607449319,A,W,3.0,H,C,1.2776279478219887,-0.8776889873747789,,102.25475829722711,95.14470412347846
30.47716607449319,E,W,1.0,H,C,2.377627947821989,-0.4576889873747789,-0.35532281821923983,17.714758297227107,71.04970412347845
25.40716607449319,A,W,2.0,L,R,1.3976279478219888,-1.247688987374779,-0.21532281821923982,101.36475829722711,73.99950412347846
15.917166074493188,A,W,3.0,H,R,2.417627947821989,-1.227688987374779,-0.36532281821923984,72.6547582972271,41.622504123478464
12.27716607449319,A,W,2.0,,C,2.6776279478219887,-1.3576889873747788,-0.11532281821923984,96.60475829722711,66.19890412347846
2.6871660744931893,M,W,4.0,H,C,,-0.7276889873747789,-0.48532281821923984,52.3047582972271,15.59490412347846
40.82716607449319,,W,3.0,L,C,2.7676279478219885,-0.8276889873747788,-0.3353228182192398,112.37475829722712,102.45410412347846
135.89105322479045,N,W,2.0,H,C,2.227627947821989,-0.7076889873747789,-0.22532281821923983,72.4047582972271,328.4935928009087
8.237166074493189,M,W,1.0,,,1.727627947821989,-1.8776889873747789,-0.43532281821923985,19.72475829722711,9.824504123478459
14.83716607449319,N,W,4.0,M,C,0.9576279478219889,-0.9376889873747789,-0.13532281821923986,4.144758297227106,28.279504123478464
24.16716607449319,N,W,2.0,H,C,0.5476279478219888,-1.747688987374779,-0.4653228182192398,,22.07170412347846
36.76716607449319,A,W,4.0,M,R,0.8976279478219888,-1.247688987374779,-0.19532281821923986,18.00475829722711,53.845104123478464
21.23716607449319,E,,2.0,M,C,1.4476279478219891,-1.517688987374779,-0.5053228182192399,10.484758297227106,22.712904123478463
34.43716607449319,M,W,2.0,H,C,1.347627947821989,-1.467688987374779,-0.15532281821923982,33.71475829722711,51.38420412347846
25.40716607449319,E,W,2.0,M,R,2.657627947821989,-0.537688987374779,-0.4553228182192398,85.98475829722712,68.09030412347846
27.37716607449319,E,W,2.0,M,C,0.6276279478219888,-1.247688987374779,-0.13532281821923986,15.264758297227107,42.46880412347846
37.84716607449319,E,W,2.0,H,C,1.887627947821989,-1.7976889873747788,-0.26532281821923986,96.5747582972271,59.80780412347846
33.80716607449319,M,W,4.0,L,C,0.827627947821989,-1.3076889873747788,-0.22532281821923983,106.49475829722711,82.02460412347847
30.58716607449319,A,W,2.0,L,R,0.4776279478219889,-1.787688987374779,-0.49532281821923985,62.1547582972271,27.448104123478462
16.72716607449319,M,W,3.0,M,C,3.067627947821989,-1.017688987374779,,61.5547582972271,44.577404123478466
35.44716607449319,E,W,1.0,M,C,2.827627947821989,-1.437688987374779,-0.24532281821923985,26.494758297227108,49.09520412347846
34.87716607449319,E,W,2.0,M,S,1.7976279478219888,-1.8576889873747788,-0.49532281821923985,43.074758297227106,26.53870412347846
-1.0628339255068102,N,W,1.0,L,R,1.1076279478219888,-0.7076889873747789,-0.29532281821923984,18.714758297227107,9.006604123478459
13.03716607449319,M,W,4.0,L,C,2.667627947821989,-0.6476889873747789,-0.4053228182192399,113.01475829722712,53.16590412347846
18.617166074493188,E,W,4.0,L,R,2.697627947821989,-0.7076889873747789,-0.3353228182192398,45.28475829722711,50.86380412347846
24.91716607449319,E,W,2.0,L,C,1.017627947821989,-1.697688987374779,-0.18532281821923985,47.71475829722711,40.56960412347846
44.02716607449319,E,W,4.0,H,C,2.7176279478219887,-1.8576889873747788,-0.4053228182192399,82.42475829722711,44.89530412347847
11.557166074493189,M,W,4.0,H,C,1.057627947821989,-0.9576889873747789,-0.4053228182192399,22.77475829722711,25.51260412347846
-0.5828339255068102,M,W,1.0,L,C,2.5076279478219887,-0.6176889873747788,-0.20532281821923987,11.624758297227107,10.38330412347846
6.717166074493189,A,W,2.0,H,C,1.537627947821989,-1.517688987374779,-0.23532281821923984,19.914758297227106,16.66630412347846
28.96716607449319,E,W,3.0,H,S,2.187627947821989,-1.6276889873747789,-0.43532281821923985,89.89475829722711,42.06930412347846
2.73716607449319,,W,1.0,H,C,0.5676279478219888,-1.447688987374779,-0.5053228182192399,,13.09630412347846
4.217166074493189,N,W,2.0,,C,,-0.507688987374779,-0.39532281821923987,100.4347582972271,35.62880412347846
30.41716607449319,A,W,3.0,H,C,2.7276279478219894,-1.3176889873747788,-0.42532281821923984,50.17475829722711,47.44600412347847
127.93616738193491,A,W,1.0,H,C,2.177627947821989,-1.787688987374779,-0.4553228182192398,86.39475829722711,325.3216732613329
7.907166074493189,E,,3.0,H,R,2.167627947821989,-1.8776889873747789,-0.2853228182192398,54.154758297227104,24.69420412347846
18.64716607449319,N,W,3.0,H,R,2.9676279478219887,-0.6076889873747788,-0.13532281821923986,101.91475829722711,89.95950412347847
38.39716607449319,E,W,1.0,L,C,0.8876279478219891,-0.767688987374779,-0.2853228182192398,105.84475829722712,102.74620412347846
30.717166074493193,M,W,4.0,M,C,3.237627947821989,-1.257688987374779,-0.4653228182192398,75.10475829722711,51.95730412347846
44.25716607449319,E,W,4.0,L,C,2.3976279478219893,-1.1176889873747788,-0.38532281821923986,4.554758297227107,63.357004123478475
29.05716607449319,A,W,1.0,M,C,3.0176279478219885,-0.7076889873747789,-0.29532281821923984,35.754758297227106,67.87460412347846
2.9171660744931898,E,W,4.0,L,C,2.877627947821989,-0.5876889873747788,-0.37532281821923985,105.1547582972271,37.37240412347846
15.557166074493189,A,W,2.0,L,C,0.41762794782198887,-1.3376889873747788,-0.41532281821923983,112.86475829722711,41.48030412347847
1.61716607449319,M,W,3.0,L,C,1.497627947821989,-0.6376889873747789,-0.30532281821923984,109.41475829722711,42.204404123478454
45.32716607449319,,W,3.0,L,C,2.7276279478219894,-1.207688987374779,-0.15532281821923982,10.764758297227107,65.08470412347847
12.68716607449319,A,W,2.0,,R,0.4576279478219889,-0.9376889873747789,,107.6547582972271,55.65540412347846
1.4171660744931898,M,,3.0,M,R,0.26762794782198895,-1.427688987374779,-0.18532281821923985,16.00475829722711,10.42260412347846
1.23716607449319,A,W,4.0,L,S,0.517627947821989,-0.517688987374779,-0.24532281821923985,110.36475829722711,48.07250412347846
30.637166074493187,A,W,4.0,L,R,2.187627947821989,-1.3276889873747788,-0.29532281821923984,65.35475829722711,58.44220412347846
14.737166074493189,M,W,1.0,L,C,2.5076279478219887,-1.0776889873747788,-0.14532281821923987,62.76475829722711,54.706904123478466
8.17716607449319,N,W,4.0,M,C,3.0076279478219887,-1.6676889873747789,-0.43532281821923985,12.084758297227108,12.01740412347846
17.76716607449319,N,W,3.0,L,C,1.617627947821989,-1.197688987374779,-0.30532281821923984,35.8447582972271,36.70630412347846
38.00716607449319,A,W,4.0,L,C,,-0.767688987374779,-0.14532281821923987,53.2347582972271,93.66240412347847
21.457166074493188,M,W,3.0,H,C,2.5476279478219888,-1.4176889873747789,-0.5053228182192399,44.504758297227106,30.186104123478458
,N,W,3.0,L,C,0.3576279478219888,-1.597688987374779,-0.21532281821923982,83.08475829722711,42.40810412347846
10.77716607449319,A,W,2.0,L,C,1.3176279478219888,-0.8076889873747788,-0.32532281821923986,,
25.87716607449319,A,W,2.0,H,R,3.0476279478219888,-0.997688987374779,-0.39532281821923987,61.9847582972271,56.132904123478454
29.16716607449319,,W,4.0,L,C,2.6876279478219893,-1.3976889873747789,-0.20532281821923987,7.1847582972271065,37.30170412347846
10.83716607449319,A,W,3.0,L,C,1.787627947821989,-1.6576889873747789,-0.31532281821923985,25.95475829722711,18.77050412347846
5.227166074493189,A,W,1.0,H,C,0.867627947821989,-1.437688987374779,-0.48532281821923984,29.27475829722711,11.06260412347846
5.59716607449319,E,W,2.0,H,C,1.577627947821989,-1.267688987374779,-0.41532281821923983,60.014758297227104,21.90640412347846
,M,W,3.0,M,C,0.8976279478219888,-1.0676889873747788,,23.694758297227107,51.78470412347846
37.037166074493186,E,W,4.0,M,C,1.8976279478219888,-1.0876889873747788,-0.17532281821923984,40.71475829722711,71.93740412347846
,M,W,2.0,L,C,2.2576279478219887,-0.767688987374779,-0.4453228182192398,107.85475829722711,33.80580412347847
45.80716607449319,A,W,4.0,L,R,0.8376279478219888,-1.4076889873747789,-0.47532281821923983,49.5247582972271,55.40830412347846
35.83716607449319,A,W,2.0,M,R,0.6576279478219891,-1.1676889873747789,-0.30532281821923984,112.78475829722711,82.80440412347846
23.04716607449319,N,W,3.0,L,C,2.217627947821989,-0.7076889873747789,-0.15532281821923982,20.874758297227107,55.22650412347846
36.81716607449319,A,W,3.0,M,R,3.1476279478219893,-1.847688987374779,-0.23532281821923984,,27.54140412347846
34.99716607449319,N,W,1.0,H,C,2.0076279478219887,,-0.35532281821923983,68.73475829722712,60.99330412347847
3.85716607449319,A,W,4.0,L,C,1.637627947821989,-0.6376889873747789,-0.14532281821923987,7.954758297227106,16.45820412347846
1.8471660744931895,,W,1.0,L,R,2.527627947821989,-0.9376889873747789,-0.13532281821923986,48.974758297227105,32.14270412347846
32.12716607449319,M,W,2.0,L,S,2.7276279478219894,-1.0576889873747788,-0.38532281821923986,51.154758297227104,60.736004123478466
2.0571660744931894,E,W,1.0,M,C,0.4076279478219891,-1.3476889873747788,-0.32532281821923986,6.754758297227107,6.39930412347846
24.55716607449319,M,W,4.0,L,R,0.827627947821989,-0.8276889873747788,-0.3353228182192398,21.61475829722711,49.23200412347846
41.97716607449319,E,W,1.0,M,R,2.077627947821989,-1.9076889873747789,-0.32532281821923986,50.60475829722711,38.38420412347846
9.86716607449319,E,W,4.0,L,R,2.277627947821989,-0.6176889873747788,-0.4553228182192398,50.5547582972271,31.807104123478467
38.62716607449319,E,W,3.0,L,C,1.3776279478219888,-0.9476889873747789,-0.19532281821923986,89.9647582972271,99.17450412347844
-1.3328339255068102,A,W,3.0,H,C,1.867627947821989,-0.8576889873747788,-0.23532281821923984,8.214758297227107,6.32170412347846
30.637166074493187,A,W,3.0,L,C,0.557627947821989,-1.0976889873747788,-0.21532281821923982,60.9547582972271,
29.777166074493188,A,W,1.0,H,C,0.6576279478219891,-1.447688987374779,-0.35532281821923983,78.92475829722711,
45.21716607449319,A,W,1.0,H,C,2.7176279478219887,-1.187688987374779,-0.32532281821923986,90.6847582972271,86.92460412347846
10.307166074493189,M,W,4.0,M,C,0.7176279478219891,-0.9176889873747789,-0.21532281821923982,82.13475829722711,52.30990412347846
27.57716607449319,M,W,3.0,H,C,1.017627947821989,-0.6376889873747789,-0.2753228182192398,108.41475829722711,
43.47716607449319,M,W,1.0,M,C,1.347627947821989,-1.467688987374779,-0.37532281821923985,87.23475829722712,64.97840412347847
13.057166074493189,A,W,2.0,L,,0.6876279478219889,-0.9176889873747789,-0.19532281821923986,18.75475829722711,31.466304123478466
18.91716607449319,E,W,2.0,H,C,2.617627947821989,-1.247688987374779,-0.2753228182192398,3.694758297227107,28.22160412347846
24.44716607449319,A,,2.0,L,C,1.867627947821989,-1.7576889873747787,-0.18532281821923985,60.254758297227106,44.834204123478465
13.65716607449319,M,W,4.0,M,C,2.587627947821989,-1.787688987374779,-0.3453228182192398,23.04475829722711,17.94300412347846
29.357166074493186,A,W,3.0,H,C,2.697627947821989,-1.217688987374779,-0.38532281821923986,117.16475829722711,66.96430412347846
16.937166074493188,M,W,3.0,L,R,0.7476279478219889,-0.9176889873747789,-0.42532281821923984,59.3447582972271,40.30430412347846
36.52716607449319,,W,2.0,M,R,1.1676279478219889,-1.267688987374779,-0.3453228182192398,89.52475829722711,69.36870412347847
21.867166074493188,N,W,3.0,H,C,3.247627947821989,-0.5976889873747788,-0.25532281821923986,106.01475829722712,85.33150412347847
30.717166074493193,A,W,1.0,L,R,1.907627947821989,-1.847688987374779,-0.19532281821923986,109.7947582972271,66.17440412347847
40.05716607449319,A,W,2.0,M,C,1.4876279478219891,-1.8776889873747789,-0.47532281821923983,117.92475829722711,39.64970412347847
4.9871660744931905,A,,3.0,M,R,3.067627947821989,-1.6676889873747789,-0.35532281821923983,,
0.05716607449318989,E,W,2.0,M,S,3.1776279478219887,-0.8376889873747788,-0.31532281821923985,111.56475829722712,40.053304123478455
8.70716607449319,M,W,3.0,L,R,3.1776279478219887,-1.447688987374779,-0.4453228182192398,61.364758297227105,23.370104123478463
29.08716607449319,A,W,3.0,H,C,1.7976279478219888,-1.477688987374779,,12.724758297227108,31.506304123478458
42.63716607449319,E,W,1.0,M,C,2.4776279478219894,-1.787688987374779,-0.48532281821923984,25.734758297227106,32.945704123478464
20.76716607449319,M,W,1.0,L,C,3.1476279478219893,-0.49768898737477896,-0.48532281821923984,49.5547582972271,
-0.8928339255068103,A,W,3.0,L,C,1.6476279478219888,-0.49768898737477896,-0.4653228182192398,49.644758297227106,
10.04716607449319,N,W,2.0,L,R,1.9376279478219889,-1.277688987374779,-0.47532281821923983,,
23.617166074493188,N,W,1.0,H,C,1.787627947821989,-0.5976889873747788,-0.4653228182192398,97.28475829722711,63.08170412347846
30.107166074493186,M,W,3.0,H,C,1.9176279478219889,-1.7776889873747788,-0.12532281821923985,108.02475829722711,75.09770412347845
44.69716607449319,A,W,,L,R,2.247627947821989,-1.677688987374779,-0.19532281821923986,97.1547582972271,77.26110412347845
22.75716607449319,A,W,3.0,M,C,2.457627947821989,,-0.43532281821923985,13.564758297227108,50.60550412347846
27.99716607449319,E,W,4.0,M,C,0.327627947821989,-0.5676889873747788,-0.30532281821923984,53.694758297227104,72.87850412347846
44.107166074493186,M,W,4.0,L,C,2.6476279478219893,-0.49768898737477896,-0.16532281821923983,13.784758297227107,98.11650412347846
39.037166074493186,A,W,2.0,M,C,3.067627947821989,-1.227688987374779,-0.2753228182192398,24.804758297227107,60.227604123478464
16.597166074493188,,W,2.0,L,C,2.9276279478219887,-1.267688987374779,-0.4553228182192398,82.4347582972271,37.01640412347845
26.097166074493188,A,W,3.0,M,C,2.7576279478219887,-1.0476889873747788,-0.20532281821923987,49.294758297227105,61.644904123478454
16.48716607449319,N,W,1.0,M,R,1.207627947821989,-1.017688987374779,-0.4653228182192398,53.574758297227106,34.837404123478464
26.71716607449319,A,W,3.0,M,R,2.567627947821989,-0.9576889873747789,-0.32532281821923986,4.424758297227107,45.80990412347846
34.287166074493186,A,W,2.0,L,,1.327627947821989,-0.6976889873747789,-0.17532281821923984,37.794758297227105,80.91750412347847
38.16716607449319,A,W,1.0,H,C,1.747627947821989,-1.3576889873747788,-0.21532281821923982,39.3847582972271,59.972304123478466
3.5171660744931894,E,W,4.0,H,C,2.527627947821989,-1.1076889873747788,-0.23532281821923984,100.6547582972271,48.07740412347846
42.12716607449319,E,W,3.0,H,C,1.957627947821989,-1.0976889873747788,-0.29532281821923984,26.27475829722711,68.58070412347847
22.79716607449319,M,W,3.0,H,,0.8376279478219888,-0.5976889873747788,-0.21532281821923982,28.68475829722711,57.999304123478474
12.86716607449319,A,W,2.0,,C,1.2976279478219888,-0.5776889873747788,-0.4053228182192399,33.5647582972271,35.912304123478464
6.27716607449319,A,W,2.0,M,S,0.36762794782198904,-1.577688987374779,-0.13532281821923986,79.34475829722712,45.26070412347846
,N,W,3.0,M,C,1.4676279478219891,-1.3876889873747789,-0.23532281821923984,70.87475829722712,73.63890412347847
31.957166074493188,A,W,3.0,M,S,3.077627947821989,-1.2976889873747788,-0.20532281821923987,85.58475829722711,76.16450412347845
37.11716607449319,A,W,2.0,H,C,0.9576279478219889,-1.8376889873747788,-0.30532281821923984,42.0647582972271,35.98790412347846
15.777166074493188,A,W,1.0,M,C,2.997627947821989,-1.437688987374779,-0.25532281821923986,85.49475829722711,50.94450412347845
3.1771660744931896,M,W,3.0,M,C,2.137627947821989,-1.577688987374779,-0.2853228182192398,45.0647582972271,20.925304123478462
13.707166074493188,E,,2.0,L,C,2.707627947821989,-1.187688987374779,-0.4553228182192398,60.8747582972271,
41.11716607449319,N,W,2.0,L,C,0.8876279478219891,-1.457688987374779,-0.32532281821923986,72.7947582972271,62.98620412347846
6.047166074493189,M,W,3.0,L,C,1.9376279478219889,-1.3476889873747788,-0.25532281821923986,40.224758297227105,24.854704123478463
,M,W,2.0,L,R,0.9676279478219891,-1.1676889873747789,-0.37532281821923985,47.85475829722711,55.627204123478464
19.10716607449319,M,W,1.0,M,C,2.2676279478219885,-0.8976889873747789,-0.4453228182192398,20.284758297227107,37.65350412347846
20.097166074493188,N,W,2.0,L,R,0.49762794782198894,-1.6576889873747789,-0.41532281821923983,58.614758297227105,28.26310412347846
46.36716607449319,A,W,2.0,M,C,2.8876279478219886,-1.6276889873747789,-0.48532281821923984,83.7147582972271,51.12140412347847
26.04716607449319,A,W,1.0,M,C,1.747627947821989,-1.7976889873747788,-0.5053228182192399,8.234758297227106,18.996804123478462
38.177166074493186,N,,2.0,H,S,1.2376279478219891,-0.9176889873747789,-0.5153228182192399,29.79475829722711,64.18590412347847
123.67479437292087,A,W,1.0,L,,2.4776279478219894,-1.5676889873747788,-0.3353228182192398,27.38475829722711,221.36456697905138
9.79716607449319,M,W,1.0,L,S,,-0.4576889873747789,-0.38532281821923986,33.67475829722711,33.69880412347846
23.15716607449319,M,W,2.0,M,C,0.517627947821989,-0.8676889873747788,-0.21532281821923982,82.06475829722712,72.65840412347848
10.00716607449319,M,W,2.0,L,C,3.0476279478219888,-0.9776889873747789,-0.12532281821923985,40.21475829722711,40.440804123478465
22.88716607449319,M,W,3.0,H,C,0.6376279478219891,-1.8576889873747788,-0.4053228182192399,92.84475829722712,33.165104123478464
7.02716607449319,A,W,3.0,M,C,0.867627947821989,-1.6076889873747788,-0.2753228182192398,100.41475829722711,41.88110412347846
,A,W,1.0,M,C,1.2976279478219888,-1.437688987374779,-0.37532281821923985,,15.540304123478458
41.107166074493186,E,W,4.0,L,C,2.777627947821989,-1.207688987374779,-0.29532281821923984,45.3047582972271,69.30610412347846
18.187166074493188,A,W,3.0,M,C,1.4376279478219889,-0.6776889873747789,-0.3353228182192398,15.784758297227107,41.24030412347846
39.73716607449319,M,W,3.0,L,R,0.6776279478219891,-1.477688987374779,-0.12532281821923985,60.0947582972271,69.31820412347845
,E,W,4.0,L,C,1.327627947821989,-1.717688987374779,-0.23532281821923984,25.894758297227106,21.84370412347846
19.49716607449319,E,W,3.0,M,C,1.517627947821989,-1.0976889873747788,-0.49532281821923985,11.234758297227106,30.826304123478465
28.88716607449319,M,W,3.0,L,C,1.2576279478219887,-1.517688987374779,-0.5153228182192399,31.664758297227106,31.40190412347846
43.90716607449319,A,W,3.0,M,C,1.3776279478219888,-0.6676889873747789,-0.4453228182192398,32.114758297227105,87.23000412347847
4.99716607449319,A,W,2.0,L,C,1.767627947821989,-0.8476889873747788,-0.4553228182192398,62.59475829722711,22.647404123478463
28.41716607449319,M,W,3.0,M,R,2.657627947821989,,-0.4053228182192399,48.2747582972271,
-0.6328339255068101,E,W,3.0,M,C,0.8776279478219888,-1.7376889873747787,-0.2853228182192398,11.774758297227105,5.120804123478459
5.557166074493189,A,W,4.0,L,C,0.6076279478219888,-1.537688987374779,-0.48532281821923984,55.264758297227104,
11.94716607449319,E,W,4.0,H,C,1.9476279478219891,-1.6076889873747788,-0.43532281821923985,86.44475829722711,28.058904123478463
34.02716607449319,M,W,4.0,L,C,2.187627947821989,-0.6076889873747788,-0.3353228182192398,104.74475829722711,97.04370412347846
33.68716607449319,E,W,3.0,L,C,1.0076279478219887,-1.6076889873747788,-0.49532281821923985,,37.421504123478464
113.32322969110919,A,W,4.0,M,C,0.4476279478219891,-1.5676889873747788,-0.36532281821923984,17.714758297227107,203.14947382324723
14.547166074493191,A,W,4.0,M,C,0.3376279478219888,-0.49768898737477896,-0.31532281821923985,86.50475829722711,58.51230412347846
46.47716607449319,M,W,2.0,,C,0.9476279478219891,-0.6176889873747788,-0.25532281821923986,47.944758297227104,105.92950412347847
26.72716607449319,A,W,2.0,L,C,1.7576279478219887,-0.9176889873747789,-0.43532281821923985,22.104758297227107,48.683504123478464
43.68716607449319,M,W,3.0,L,C,2.707627947821989,-1.5476889873747788,-0.15532281821923982,117.2947582972271,96.25370412347846
18.97716607449319,A,W,3.0,H,R,2.177627947821989,-1.187688987374779,-0.35532281821923983,4.884758297227107,29.023404123478464
26.39716607449319,M,W,4.0,M,R,2.217627947821989,-0.517688987374779,-0.5153228182192399,32.074758297227106,59.43190412347846
44.48716607449319,E,W,1.0,,C,,-0.5676889873747788,-0.4653228182192398,69.94475829722711,99.33490412347847
15.97716607449319,,W,3.0,L,C,0.49762794782198894,-1.5476889873747788,-0.31532281821923985,96.37475829722712,44.58640412347846
42.06716607449319,E,,2.0,H,C,,-0.5876889873747788,-0.19532281821923986,101.45475829722712,125.98550412347845
31.597166074493188,A,W,1.0,H,C,2.737627947821989,-1.4076889873747789,-0.15532281821923982,3.584758297227107,38.284604123478466
35.89716607449319,E,W,1.0,M,C,1.6976279478219891,-1.707688987374779,-0.41532281821923983,36.574758297227106,35.12460412347846
6.84716607449319,A,W,2.0,H,C,2.197627947821989,-0.8776889873747789,-0.4453228182192398,100.0747582972271,32.70700412347846
22.25716607449319,M,W,4.0,M,R,1.8576279478219888,-1.3976889873747789,-0.19532281821923986,55.3147582972271,49.729104123478464
42.63716607449319,E,W,4.0,M,R,1.957627947821989,-1.1576889873747789,-0.17532281821923984,87.2947582972271,96.75490412347847
3.61716607449319,M,W,3.0,M,,1.927627947821989,,-0.42532281821923984,29.744758297227108,
6.6171660744931895,E,,3.0,H,R,1.9876279478219891,-0.517688987374779,-0.13532281821923986,44.1647582972271,40.33930412347846
36.79716607449319,E,W,1.0,M,C,2.127627947821989,-1.257688987374779,-0.38532281821923986,50.144758297227106,58.32090412347846
101.49895696362995,,W,1.0,L,R,1.4676279478219891,-1.2976889873747788,-0.16532281821923983,87.2947582972271,202.95855609179563
-1.2328339255068104,A,W,3.0,L,C,1.5676279478219888,-0.8876889873747789,-0.17532281821923984,59.2447582972271,29.189504123478464
31.51716607449319,,W,4.0,L,C,0.39762794782198885,-0.7276889873747789,-0.4553228182192398,70.13475829722711,68.24700412347846
44.19716607449319,M,W,4.0,M,R,0.307627947821989,-0.5576889873747788,-0.4653228182192398,69.12475829722712,96.71610412347846
26.05716607449319,M,W,2.0,M,C,1.557627947821989,-0.4176889873747789,-0.15532281821923982,27.22475829722711,71.02430412347846
9.50716607449319,A,W,2.0,M,R,2.5176279478219885,-1.4876889873747787,-0.38532281821923986,59.724758297227105,26.41050412347846
34.75716607449319,A,W,2.0,H,C,1.1476279478219888,-1.497688987374779,,72.20475829722712,68.80590412347846
23.19716607449319,A,W,1.0,M,C,1.867627947821989,-0.9076889873747789,-0.12532281821923985,62.974758297227105,
,A,W,1.0,L,C,2.037627947821989,-1.1676889873747789,-0.16532281821923983,38.60475829722711,42.72390412347846
39.52716607449319,A,,4.0,L,,2.8476279478219886,-1.6276889873747789,-0.25532281821923986,13.994758297227108,40.27350412347847
34.14716607449319,A,W,4.0,H,,1.6876279478219889,-0.507688987374779,-0.47532281821923983,,84.34610412347847
11.11716607449319,A,W,4.0,,C,0.6376279478219891,-1.027688987374779,-0.15532281821923982,102.64475829722711,66.38360412347846
42.93716607449319,E,W,2.0,H,C,,-1.007688987374779,-0.3353228182192398,24.814758297227108,71.48640412347845
40.74716607449319,M,W,,H,C,1.077627947821989,-1.8176889873747788,-0.35532281821923983,66.94475829722711,43.355504123478454
0.2371660744931896,E,W,3.0,L,C,2.667627947821989,-1.827688987374779,-0.4553228182192398,34.7047582972271,8.56400412347846
0.3471660744931899,A,W,1.0,M,C,2.457627947821989,-1.247688987374779,-0.31532281821923985,78.66475829722711,28.601304123478457
6.09716607449319,A,W,1.0,L,C,3.1376279478219886,-1.3476889873747788,-0.36532281821923984,42.254758297227106,21.98030412347846
16.617166074493188,N,W,4.0,M,R,2.657627947821989,-1.727688987374779,-0.39532281821923987,74.08475829722711,31.02800412347846
19.437166074493188,A,W,2.0,L,C,1.3976279478219888,-0.47768898737477894,-0.30532281821923984,24.514758297227107,51.07460412347846
29.16716607449319,A,W,3.0,L,C,,-0.9176889873747789,-0.39532281821923987,52.8147582972271,59.35050412347846
41.86716607449319,M,,,M,R,2.917627947821989,-1.5876889873747788,-0.43532281821923985,49.904758297227104,47.58170412347846
34.787166074493186,E,W,4.0,M,C,2.2676279478219885,-1.0576889873747788,-0.30532281821923984,102.23475829722712,83.97400412347847
7.467166074493189,M,W,1.0,M,C,3.157627947821989,-0.777688987374779,,93.7147582972271,40.31240412347846
27.85716607449319,M,W,3.0,M,R,2.577627947821989,-0.5876889873747788,-0.42532281821923984,61.17475829722711,69.00290412347846
41.76716607449319,E,W,1.0,M,R,0.7476279478219889,-0.8376889873747788,-0.5053228182192399,50.35475829722711,75.23080412347846
,M,W,4.0,M,C,1.0676279478219888,-1.237688987374779,-0.19532281821923986,89.61475829722711,43.82490412347846
4.69716607449319,A,W,3.0,H,C,1.6676279478219889,-0.7176889873747789,-0.38532281821923986,101.88475829722711,36.61290412347846
0.42716607449318955,A,W,2.0,L,C,1.4676279478219891,-1.3076889873747788,-0.36532281821923984,103.28475829722711,29.63290412347846
43.52716607449319,A,W,4.0,L,C,1.8776279478219888,-0.9576889873747789,-0.2853228182192398,90.86475829722711,98.44130412347846
40.857166074493186,M,W,4.0,L,C,2.8876279478219886,-0.4476889873747789,-0.17532281821923984,106.84475829722712,135.09240412347847
14.057166074493189,A,W,4.0,L,S,0.41762794782198887,-1.2976889873747788,-0.24532281821923985,57.17475829722711,39.44480412347846
42.95716607449319,E,W,4.0,M,C,2.747627947821989,-1.0576889873747788,-0.22532281821923983,52.7447582972271,84.59610412347845
5.68716607449319,N,W,4.0,M,C,0.8776279478219888,,-0.2853228182192398,81.11475829722711,42.74380412347846
33.80716607449319,,W,3.0,H,R,2.137627947821989,-1.477688987374779,-0.25532281821923986,104.33475829722711,73.06910412347847
39.20716607449319,A,W,1.0,M,R,0.517627947821989,-1.007688987374779,-0.42532281821923984,62.614758297227105,70.31340412347845
37.73716607449319,A,W,1.0,L,C,0.557627947821989,-1.537688987374779,-0.23532281821923984,40.334758297227104,50.55170412347846
44.87716607449319,E,W,4.0,H,R,2.0276279478219887,-0.737688987374779,-0.12532281821923985,,91.08780412347846
31.327166074493192,,W,1.0,L,C,2.7976279478219888,-1.3976889873747789,-0.20532281821923987,112.00475829722711,82.59110412347846
19.277166074493188,M,W,2.0,L,C,0.807627947821989,-1.5076889873747787,-0.19532281821923986,22.534758297227107,29.435404123478456
33.51716607449319,M,W,4.0,L,C,0.5076279478219887,-0.9476889873747789,-0.2753228182192398,112.23475829722712,91.01420412347846
21.25716607449319,A,W,1.0,,S,1.617627947821989,-0.49768898737477896,-0.30532281821923984,21.79475829722711,53.49960412347846
46.97716607449319,M,W,3.0,M,C,3.1876279478219893,-1.207688987374779,-0.5053228182192399,102.4347582972271,73.18690412347846
8.237166074493189,E,W,3.0,M,C,2.037627947821989,-1.4076889873747789,-0.4453228182192398,57.8147582972271,21.61510412347846
23.75716607449319,A,W,2.0,H,C,0.767627947821989,,-0.2753228182192398,55.3047582972271,53.57630412347846
,M,W,1.0,M,C,1.677627947821989,-1.5076889873747787,-0.11532281821923984,65.51475829722712,56.52690412347846
-1.1628339255068103,M,W,3.0,,C,1.9676279478219891,-0.747688987374779,-0.4453228182192398,48.2447582972271,11.55280412347846
44.20716607449319,E,W,1.0,H,R,2.917627947821989,-1.6576889873747789,-0.2753228182192398,72.01475829722712,62.036904123478465
34.75716607449319,E,W,4.0,M,C,1.8776279478219888,-1.7376889873747787,-0.5053228182192399,83.42475829722711,35.05570412347846
40.38716607449319,M,W,4.0,M,S,1.1676279478219889,-1.1576889873747789,-0.18532281821923985,45.6347582972271,74.32400412347846
13.987166074493189,M,W,1.0,M,C,2.337627947821989,-1.0776889873747788,-0.16532281821923983,107.0447582972271,72.16430412347846
3.8871660744931895,A,W,,M,C,1.4476279478219891,-1.1176889873747788,-0.16532281821923983,33.514758297227104,24.38140412347846
25.617166074493188,E,W,,M,C,1.427627947821989,-1.187688987374779,-0.23532281821923984,39.3147582972271,50.34000412347846
2.99716607449319,E,W,4.0,L,C,1.0876279478219888,-1.4876889873747787,-0.2753228182192398,56.2347582972271,24.52000412347846
3.0971660744931895,A,W,4.0,M,R,2.9376279478219893,-0.527688987374779,-0.29532281821923984,88.6547582972271,41.405604123478454
16.35716607449319,M,W,3.0,M,C,1.727627947821989,-0.517688987374779,-0.19532281821923986,115.83475829722711,85.92190412347846
-0.9828339255068104,M,W,2.0,L,,2.8476279478219886,-1.677688987374779,-0.20532281821923987,112.1847582972271,49.22950412347845
19.14716607449319,M,W,1.0,H,C,,-1.9076889873747789,-0.31532281821923985,69.62475829722712,
35.48716607449319,E,W,3.0,M,C,3.1876279478219893,-1.6276889873747789,-0.25532281821923986,37.17475829722711,45.76670412347846
22.73716607449319,E,,3.0,H,C,2.037627947821989,-0.8576889873747788,-0.32532281821923986,77.97475829722711,63.35960412347846
34.70716607449319,A,W,4.0,L,S,1.157627947821989,-1.257688987374779,-0.14532281821923987,82.60475829722711,82.67710412347844
,E,W,3.0,H,C,1.177627947821989,-1.787688987374779,-0.29532281821923984,20.72475829722711,12.067904123478462
14.88716607449319,A,W,2.0,,R,1.157627947821989,,-0.2753228182192398,19.874758297227107,28.613304123478464
8.487166074493189,A,W,1.0,L,C,,-0.757688987374779,-0.25532281821923986,113.67475829722711,59.24990412347846
10.76716607449319,M,W,4.0,M,R,2.017627947821989,-0.9176889873747789,-0.4653228182192398,98.38475829722711,35.72490412347846
28.89716607449319,A,W,4.0,L,C,3.0176279478219885,-1.3076889873747788,-0.12532281821923985,65.1847582972271,69.36360412347847
19.64716607449319,A,W,2.0,M,C,2.8476279478219886,-0.9276889873747789,-0.26532281821923986,60.154758297227104,
3.6871660744931893,E,W,4.0,L,C,0.5676279478219888,-0.8276889873747788,-0.23532281821923984,48.764758297227104,28.458704123478462
,M,W,1.0,M,C,2.127627947821989,-0.4576889873747789,-0.29532281821923984,109.73475829722712,118.86790412347847
30.887166074493187,E,W,1.0,L,R,,-0.757688987374779,-0.11532281821923984,80.84475829722712,98.78150412347846
-0.6228339255068103,E,W,3.0,L,C,2.237627947821989,-0.537688987374779,-0.11532281821923984,,37.09990412347846
18.90716607449319,A,W,4.0,,C,1.3976279478219888,-1.8576889873747788,-0.49532281821923985,89.10475829722711,22.719104123478463
37.09716607449319,N,W,3.0,M,R,3.207627947821989,-1.747688987374779,-0.4653228182192398,105.4647582972271,44.296804123478466
28.60716607449319,E,W,1.0,M,,1.6276279478219888,-1.807688987374779,-0.24532281821923985,62.5547582972271,42.88660412347846
17.19716607449319,E,W,2.0,M,S,1.5876279478219888,-1.5676889873747788,-0.4653228182192398,76.45475829722712,28.604904123478462
13.297166074493191,,W,1.0,M,R,2.867627947821989,-0.6676889873747789,-0.47532281821923983,,41.73780412347847
23.60716607449319,M,W,3.0,M,C,0.39762794782198885,-1.1676889873747789,-0.41532281821923983,46.0547582972271,41.29390412347846
1.3171660744931901,M,W,1.0,L,C,2.317627947821989,-0.527688987374779,-0.42532281821923984,67.14475829722711,
29.54716607449319,E,W,4.0,L,C,0.827627947821989,-1.007688987374779,-0.5053228182192399,12.264758297227107,46.30190412347846
,M,W,3.0,L,C,1.1076279478219888,-1.1176889873747788,-0.20532281821923987,56.0947582972271,64.66800412347847
29.58716607449319,E,W,3.0,,C,1.1276279478219888,-1.0576889873747788,-0.11532281821923984,109.7947582972271,99.33050412347846
,A,W,3.0,L,C,0.7976279478219888,-0.9576889873747789,-0.24532281821923985,36.3447582972271,82.06810412347846
135.22549398759557,E,W,4.0,M,R,0.48762794782198915,-0.6676889873747789,-0.29532281821923984,92.94475829722711,277.3272056775441
9.44716607449319,A,W,3.0,L,C,2.0476279478219888,-1.267688987374779,-0.30532281821923984,4.454758297227107,16.39260412347846
37.07716607449319,E,W,3.0,L,C,2.707627947821989,-1.227688987374779,-0.30532281821923984,23.334758297227108,56.277904123478464
41.74716607449319,,W,2.0,H,R,2.7176279478219887,-1.8676889873747788,-0.17532281821923984,70.66475829722711,57.39610412347846
4.377166074493189,,W,3.0,L,C,0.4476279478219891,-0.9576889873747789,-0.48532281821923984,79.41475829722711,19.807804123478462
38.037166074493186,A,,1.0,M,C,1.5876279478219888,-0.767688987374779,-0.25532281821923986,46.044758297227105,84.55700412347846
12.167166074493188,M,W,1.0,L,C,3.247627947821989,-0.6376889873747789,-0.5053228182192399,13.174758297227108,29.881004123478462
31.077166074493192,A,W,2.0,M,R,1.1076279478219888,-0.997688987374779,-0.4653228182192398,,55.92490412347846
18.23716607449319,E,W,3.0,H,C,1.787627947821989,-1.767688987374779,-0.25532281821923986,34.584758297227104,26.85140412347846
18.347166074493188,M,W,2.0,M,C,2.0076279478219887,-0.5676889873747788,-0.31532281821923985,98.74475829722711,69.66490412347845
7.037166074493189,M,W,1.0,M,R,1.267627947821989,-0.8876889873747789,-0.2853228182192398,59.194758297227104,34.798504123478466
45.87716607449319,A,W,2.0,M,R,1.707627947821989,-1.3976889873747789,-0.15532281821923982,15.494758297227108,57.643504123478465
15.94716607449319,A,W,2.0,L,R,0.29762794782198876,-1.787688987374779,-0.49532281821923985,72.83475829722711,19.32650412347846
38.73716607449319,E,W,3.0,L,R,1.037627947821989,-1.6376889873747789,-0.4653228182192398,,43.76470412347847
45.64716607449319,E,W,2.0,M,,0.847627947821989,-1.017688987374779,-0.26532281821923986,71.67475829722711,92.73440412347846
,E,W,2.0,M,R,1.707627947821989,-1.5876889873747788,-0.14532281821923987,49.904758297227104,52.71770412347846
-1.5328339255068102,,W,3.0,M,C,1.887627947821989,-1.0876889873747788,-0.15532281821923982,35.684758297227106,19.168104123478464
27.28716607449319,M,W,4.0,M,C,1.7976279478219888,-0.9176889873747789,-0.48532281821923984,115.6547582972271,
27.23716607449319,M,W,3.0,M,C,1.497627947821989,-1.0876889873747788,-0.31532281821923985,34.42475829722711,50.648204123478465
26.57716607449319,N,W,,L,R,1.6276279478219888,-0.9376889873747789,-0.32532281821923986,38.8047582972271,
10.147166074493189,E,W,1.0,H,C,3.0976279478219886,-0.5476889873747788,,87.6847582972271,44.46330412347846
143.1942132343319,A,W,2.0,M,C,3.037627947821989,-1.687688987374779,-0.31532281821923985,58.894758297227106,317.40856770171644
4.2371660744931905,M,W,2.0,L,R,2.2576279478219887,-1.467688987374779,-0.5053228182192399,84.5447582972271,16.72500412347846
7.037166074493189,E,W,2.0,H,C,0.5676279478219888,-1.1576889873747789,-0.2753228182192398,39.8047582972271,25.44130412347846
31.05716607449319,M,W,2.0,L,R,,-1.537688987374779,-0.22532281821923983,64.85475829722711,56.37860412347845
4.10716607449319,A,W,2.0,L,C,0.5676279478219888,-1.6376889873747789,-0.43532281821923985,70.45475829722712,17.24090412347846
11.71716607449319,M,W,2.0,M,C,,-1.557688987374779,-0.4053228182192399,42.224758297227105,21.64670412347846
11.93716607449319,A,W,1.0,L,R,1.707627947821989,-1.517688987374779,-0.49532281821923985,27.72475829722711,16.795704123478462
25.32716607449319,M,W,2.0,L,C,2.987627947821989,-1.3876889873747789,-0.39532281821923987,13.084758297227108,33.53590412347846
34.57716607449319,A,W,4.0,L,C,3.167627947821989,-1.9176889873747789,-0.5053228182192399,75.91475829722711,28.65620412347846
14.06716607449319,M,W,4.0,L,C,0.807627947821989,-1.787688987374779,-0.42532281821923984,63.504758297227106,22.11190412347846
26.85716607449319,E,W,1.0,L,C,1.4176279478219889,,-0.23532281821923984,66.20475829722712,43.93810412347847
44.16716607449319,N,W,4.0,M,,3.077627947821989,-1.037688987374779,-0.25532281821923986,77.62475829722712,94.82950412347846
-0.5428339255068102,M,W,2.0,L,R,,-1.037688987374779,-0.2853228182192398,103.86475829722711,39.47270412347846
32.607166074493186,A,W,3.0,L,C,1.477627947821989,-0.987688987374779,-0.23532281821923984,70.27475829722711,77.84850412347845
42.54716607449319,E,W,3.0,M,C,2.407627947821989,-1.677688987374779,-0.14532281821923987,26.014758297227107,47.347804123478454
33.93716607449319,M,W,2.0,L,C,0.6976279478219891,-0.5476889873747788,-0.22532281821923983,17.744758297227108,75.40200412347848
26.277166074493188,A,W,2.0,M,C,0.5676279478219888,-0.5776889873747788,-0.37532281821923985,106.52475829722711,78.43150412347846
23.71716607449319,M,W,2.0,M,C,2.6376279478219886,-1.4876889873747787,-0.5153228182192399,49.4947582972271,30.709604123478464
0.6671660744931898,A,W,2.0,L,S,1.457627947821989,-1.717688987374779,-0.35532281821923983,54.0247582972271,16.68230412347846
16.99716607449319,A,W,1.0,H,,2.6476279478219893,-1.0776889873747788,-0.23532281821923984,25.68475829722711,37.963704123478465
4.977166074493189,A,,3.0,L,C,0.6076279478219888,,-0.37532281821923985,49.3847582972271,25.173404123478463
29.93716607449319,A,W,,L,C,3.087627947821989,,-0.38532281821923986,62.8247582972271,52.27110412347847
22.26716607449319,N,W,3.0,H,R,2.117627947821989,-1.3776889873747789,-0.30532281821923984,40.194758297227104,39.519604123478466
43.07716607449319,N,W,4.0,M,C,1.367627947821989,-1.807688987374779,,60.044758297227105,58.57940412347847
23.54716607449319,N,W,3.0,L,C,3.0476279478219888,-0.4376889873747789,-0.39532281821923987,14.574758297227106,57.189304123478465
23.82716607449319,M,W,1.0,M,C,0.9676279478219891,-1.1076889873747788,-0.42532281821923984,51.294758297227105,44.25680412347846
,M,W,3.0,L,,2.987627947821989,-1.427688987374779,-0.22532281821923983,22.654758297227108,26.00830412347846
2.24716607449319,M,W,4.0,M,C,,-0.7976889873747788,-0.21532281821923982,,47.90830412347847
29.10716607449319,M,,3.0,M,C,0.5676279478219888,-1.257688987374779,-0.26532281821923986,50.474758297227105,54.203204123478464
17.89716607449319,M,W,4.0,L,C,1.727627947821989,,-0.35532281821923983,,43.77670412347846
6.147166074493189,A,W,3.0,L,C,1.4176279478219889,-1.277688987374779,-0.30532281821923984,87.81475829722712,
,M,,1.0,L,C,1.8776279478219888,-1.6176889873747788,-0.42532281821923984,108.03475829722711,57.154404123478464
14.617166074493188,A,W,2.0,L,C,3.0076279478219887,-1.1376889873747789,-0.14532281821923987,72.00475829722711,58.33950412347846
,E,W,,L,C,0.39762794782198885,-0.7976889873747788,-0.14532281821923987,40.894758297227106,26.20500412347846
-1.6428339255068103,M,W,1.0,,C,1.7776279478219887,-1.1176889873747788,-0.23532281821923984,104.8247582972271,42.14010412347846
39.607166074493186,E,W,4.0,H,C,3.037627947821989,-0.46768898737477893,-0.47532281821923983,63.1047582972271,93.17870412347847
10.34716607449319,M,W,2.0,L,R,2.037627947821989,-1.7376889873747787,-0.24532281821923985,50.004758297227106,28.43990412347846
27.03716607449319,A,,1.0,L,C,2.627627947821989,-1.017688987374779,-0.5053228182192399,56.4847582972271,49.12790412347846
37.65716607449319,A,W,1.0,M,C,1.597627947821989,-1.1576889873747789,-0.35532281821923983,14.544758297227109,55.14730412347846
44.71716607449319,A,W,1.0,H,C,,-1.7976889873747788,-0.18532281821923985,38.654758297227104,
42.927166074493186,E,W,2.0,M,R,,-1.577688987374779,-0.5053228182192399,29.514758297227107,
3.3471660744931895,A,W,4.0,M,C,2.117627947821989,-1.257688987374779,-0.14532281821923987,73.7147582972271,43.081204123478464
8.567166074493189,M,W,1.0,L,R,1.247627947821989,-1.1376889873747789,-0.41532281821923983,101.14475829722711,34.70510412347846
40.41716607449319,E,W,1.0,M,R,0.36762794782198904,-0.5976889873747788,-0.24532281821923985,34.1347582972271,90.69620412347847
-1.4228339255068103,E,W,1.0,H,C,1.0476279478219888,-0.6876889873747789,,61.0947582972271,8.689504123478459
45.44716607449319,M,W,2.0,L,C,0.7376279478219891,-1.807688987374779,-0.17532281821923984,65.33475829722711,58.00510412347846
5.477166074493189,A,W,4.0,M,C,2.207627947821989,-0.6076889873747788,-0.21532281821923982,41.7447582972271,32.98740412347846
44.66716607449319,A,W,1.0,M,C,2.127627947821989,-1.557688987374779,-0.23532281821923984,,64.88070412347847
41.62716607449319,N,W,4.0,M,C,2.2676279478219885,-0.9476889873747789,-0.16532281821923983,21.964758297227107,76.63090412347844
3.57716607449319,M,W,2.0,L,C,0.37762794782198883,-0.6876889873747789,-0.15532281821923982,42.0947582972271,29.98300412347846
,E,W,4.0,M,C,2.447627947821989,-1.3276889873747788,-0.43532281821923985,,62.631504123478464
33.07716607449319,A,W,4.0,L,C,1.827627947821989,-1.467688987374779,-0.17532281821923984,4.1847582972271065,36.86640412347846
2.9171660744931898,M,W,2.0,M,C,2.137627947821989,-0.46768898737477893,-0.16532281821923983,8.734758297227106,16.42290412347846
42.04716607449319,M,W,2.0,L,C,1.2376279478219891,-0.5776889873747788,-0.3353228182192398,56.0547582972271,98.32430412347846
15.307166074493189,E,W,2.0,H,R,0.9676279478219891,-1.717688987374779,-0.12532281821923985,61.084758297227104,42.765904123478464
28.30716607449319,A,W,1.0,M,C,0.9576279478219889,-1.6276889873747789,-0.26532281821923986,87.31475829722712,55.02260412347846
9.35716607449319,A,W,4.0,M,C,1.017627947821989,-1.467688987374779,-0.31532281821923985,36.46475829722711,22.35240412347846
44.86716607449319,E,W,3.0,H,C,1.957627947821989,-1.747688987374779,-0.4453228182192398,51.2447582972271,41.18290412347846
8.52716607449319,M,W,3.0,,C,2.367627947821989,,-0.4653228182192398,82.20475829722712,32.56790412347846
32.22716607449319,A,W,2.0,,R,0.41762794782198887,-1.717688987374779,-0.30532281821923984,84.6547582972271,50.026604123478464
6.407166074493189,M,W,3.0,M,C,1.307627947821989,-1.9076889873747789,-0.18532281821923985,69.37475829722712,34.897404123478466
6.817166074493189,M,W,2.0,M,C,2.997627947821989,-1.3776889873747789,-0.35532281821923983,83.36475829722711,33.45030412347846
42.87716607449319,M,W,3.0,M,R,2.407627947821989,-1.6676889873747789,-0.38532281821923986,50.394758297227106,46.95370412347846
,E,W,2.0,H,C,2.3576279478219893,-1.4176889873747789,-0.25532281821923986,84.39475829722711,48.35150412347846
-1.2328339255068104,,W,2.0,M,R,0.9876279478219891,-0.49768898737477896,-0.18532281821923985,80.59475829722712,37.81800412347846
11.46716607449319,A,W,1.0,M,C,1.477627947821989,-1.4076889873747789,-0.32532281821923986,43.154758297227104,27.23360412347846
27.21716607449319,M,W,,L,C,1.787627947821989,-0.787688987374779,-0.39532281821923987,43.92475829722711,59.12140412347846
0.8071660744931899,A,W,3.0,M,C,2.187627947821989,-1.257688987374779,-0.17532281821923984,77.66475829722711,39.67390412347846
26.75716607449319,A,W,3.0,H,C,0.6776279478219891,-0.6576889873747789,-0.3353228182192398,4.394758297227106,52.795504123478466
14.507166074493188,M,W,2.0,L,R,2.0276279478219887,-1.4076889873747789,-0.5153228182192399,15.994758297227108,19.574704123478462
31.677166074493186,A,W,1.0,L,R,0.7176279478219891,-1.3876889873747789,,,60.06490412347846
20.29716607449319,A,W,2.0,L,C,2.3976279478219893,-0.6276889873747789,-0.26532281821923986,91.1547582972271,74.64870412347847
16.26716607449319,E,W,2.0,L,S,3.2176279478219887,-0.6276889873747789,-0.39532281821923987,9.284758297227107,38.14450412347846
17.347166074493188,A,W,1.0,L,C,1.707627947821989,-1.8676889873747788,,32.224758297227105,20.93150412347846
5.77716607449319,A,W,3.0,M,R,0.36762794782198904,-1.7976889873747788,-0.35532281821923983,31.454758297227105,12.609104123478458
4.807166074493189,E,W,3.0,M,C,1.727627947821989,-0.8976889873747789,-0.13532281821923986,92.19475829722711,56.776304123478454
26.13716607449319,,W,2.0,L,C,2.6076279478219893,-1.027688987374779,-0.41532281821923983,86.85475829722711,58.88780412347846
9.977166074493189,E,W,4.0,L,S,2.187627947821989,-1.807688987374779,,24.714758297227107,19.94560412347846
10.46716607449319,A,W,4.0,L,,2.537627947821989,-1.707688987374779,-0.16532281821923983,86.05475829722711,49.797804123478464
21.707166074493188,A,W,1.0,M,C,0.46762794782198913,-0.49768898737477896,-0.48532281821923984,68.69475829722711,55.042804123478454
46.787166074493186,A,W,4.0,H,C,3.1076279478219893,-1.267688987374779,-0.4553228182192398,66.83475829722711,69.41890412347846
10.76716607449319,N,W,2.0,M,R,0.8776279478219888,-1.3076889873747788,-0.4553228182192398,49.9947582972271,22.525904123478462
28.187166074493188,E,W,4.0,L,C,2.657627947821989,-1.537688987374779,-0.17532281821923984,36.0547582972271,44.89950412347846
0.3471660744931899,A,W,3.0,L,R,1.077627947821989,-0.787688987374779,-0.30532281821923984,91.86475829722711,33.60030412347846
23.98716607449319,A,W,4.0,L,C,1.117627947821989,-1.0976889873747788,-0.30532281821923984,52.4847582972271,51.63910412347846
32.62716607449319,A,W,2.0,L,R,1.457627947821989,-0.507688987374779,-0.26532281821923986,109.17475829722711,106.34640412347842
-0.08283392550681024,E,W,1.0,L,,1.867627947821989,-0.4376889873747789,-0.4053228182192399,99.16475829722711,26.82090412347846
98.16686961706588,,W,1.0,L,R,2.6376279478219886,-0.6276889873747789,,54.864758297227105,280.0951047167941
39.83716607449319,M,W,3.0,L,C,0.5676279478219888,,-0.4653228182192398,31.994758297227104,44.85800412347846
4.967166074493189,M,W,4.0,M,,1.977627947821989,-1.597688987374779,-0.31532281821923985,51.8847582972271,22.74870412347846
45.29716607449319,E,W,3.0,M,C,,-0.7276889873747789,-0.3453228182192398,42.904758297227104,92.79860412347846
3.94716607449319,A,W,2.0,L,,2.6776279478219887,-0.48768898737477895,-0.49532281821923985,101.19475829722711,26.415704123478456
16.14716607449319,E,W,2.0,M,C,0.7976279478219888,-1.0576889873747788,-0.49532281821923985,52.96475829722711,31.452704123478462
37.24716607449319,M,W,,H,C,2.127627947821989,-0.8076889873747788,-0.37532281821923985,115.05475829722711,92.99590412347847
16.89716607449319,N,W,4.0,L,C,0.8176279478219888,-0.4176889873747789,-0.4553228182192398,32.5547582972271,44.07510412347846
,A,W,2.0,M,C,0.7176279478219891,-1.5876889873747788,-0.16532281821923983,78.78475829722711,72.55170412347846
37.49716607449319,A,W,1.0,H,R,1.707627947821989,-0.517688987374779,-0.18532281821923985,82.4047582972271,112.87050412347844
34.21716607449319,E,W,4.0,L,C,1.577627947821989,-0.5476889873747788,-0.43532281821923985,,72.91460412347847
26.22716607449319,M,W,4.0,H,C,1.5076279478219887,-1.597688987374779,-0.49532281821923985,27.88475829722711,27.14790412347846
28.51716607449319,A,W,1.0,L,C,1.8776279478219888,-1.557688987374779,-0.42532281821923984,26.514758297227107,32.47700412347846
19.38716607449319,E,W,2.0,M,C,,-1.787688987374779,-0.32532281821923986,103.85475829722711,43.197004123478465
38.36716607449319,A,W,1.0,H,C,2.157627947821989,-1.3876889873747789,-0.23532281821923984,36.3447582972271,57.37590412347847
37.08716607449319,A,W,4.0,L,C,2.137627947821989,-1.4176889873747789,-0.41532281821923983,7.744758297227107,42.23190412347846
46.46716607449319,A,W,4.0,L,C,,-1.2976889873747788,-0.4653228182192398,76.44475829722711,66.36470412347848
18.57716607449319,E,W,2.0,M,C,2.5176279478219885,-1.2976889873747788,-0.31532281821923985,80.62475829722712,49.50590412347846
9.747166074493189,A,W,3.0,,C,1.367627947821989,-0.8676889873747788,-0.32532281821923986,45.46475829722711,32.87110412347846
11.397166074493189,M,W,1.0,L,C,,-0.9676889873747789,-0.3453228182192398,25.13475829722711,
3.4171660744931898,A,W,3.0,,C,2.3976279478219893,-1.0476889873747788,-0.4053228182192399,78.45475829722712,26.094904123478464
2.7571660744931896,E,W,1.0,L,C,2.127627947821989,-0.987688987374779,,80.30475829722711,47.84640412347845
,,W,1.0,M,C,1.657627947821989,-1.847688987374779,-0.22532281821923983,90.80475829722711,54.39750412347846
0.8871660744931895,M,W,4.0,,C,2.5576279478219885,-0.8676889873747788,-0.4553228182192398,73.14475829722711,18.597504123478462
15.56716607449319,A,W,2.0,L,R,3.237627947821989,-0.517688987374779,-0.43532281821923985,42.53475829722711,44.47690412347846
33.02716607449319,,W,2.0,H,C,2.277627947821989,-0.6276889873747789,-0.48532281821923984,105.33475829722711,
12.12716607449319,N,W,3.0,L,S,2.9676279478219887,-0.6576889873747789,-0.4053228182192399,71.1547582972271,42.914604123478455
42.037166074493186,N,W,1.0,L,R,2.9776279478219894,-1.3076889873747788,-0.2853228182192398,23.784758297227107,59.511004123478465
40.93716607449319,A,W,3.0,M,C,1.057627947821989,-1.1376889873747789,-0.35532281821923983,40.5647582972271,66.38150412347846
28.10716607449319,A,W,1.0,L,R,2.747627947821989,-1.577688987374779,-0.36532281821923984,55.10475829722711,41.22810412347846
24.22716607449319,,W,3.0,H,C,2.3576279478219893,-1.3676889873747788,-0.43532281821923985,111.83475829722711,49.48990412347847
7.8671660744931895,M,,3.0,M,C,0.4476279478219891,-1.9076889873747789,-0.29532281821923984,47.67475829722711,19.99610412347846
18.23716607449319,A,W,4.0,H,R,2.8576279478219893,-1.727688987374779,-0.43532281821923985,82.14475829722711,30.75660412347846
37.787166074493186,A,W,2.0,M,C,2.147627947821989,-1.747688987374779,-0.31532281821923985,32.3747582972271,37.87910412347846
36.12716607449319,E,W,1.0,L,C,0.4376279478219889,-0.8576889873747788,-0.18532281821923985,62.894758297227106,87.34820412347847
32.47716607449319,M,W,1.0,M,C,2.447627947821989,-1.207688987374779,-0.4653228182192398,77.09475829722712,55.274904123478464
13.527166074493188,E,W,1.0,,R,0.6276279478219888,-1.3676889873747788,-0.2853228182192398,102.12475829722712,50.38310412347846
